1,SONORA,SAN LUIS RIO COLORADO,,2603000122,"S.C.P.P. ESCAMERA PESCADORES DEL RIO COLORADO, S.C.L.",TIBURON,BAHIA ADAIR ZONA DE AMORTIGUAMIENTO DE LA RESERVA DEL ALTO GOLFO DE CALIFORNIA A BAHIA ADAIR,2010-11-29,2014-11-28,32.4518877,-114.771711
2,SONORA,SAN IGNACIO RIO MUERTO,BAHIA DE LOBOS,2604008652,S.C.P.P. PESCADORES LIBRES UNIDOS SCL.,CAMARON DE ESTERO,DEL SIARIC A BAHIA DE LOBOS,2012-07-25,2014-07-23,27.351756,-110.4537662
3,SONORA,HERMOSILLO,EL CHOYUDO,2611002342,"S.C.P.P. MAR AZUL DEL CHOYUDO, SC DE RL DE CV",JAIBA,DESEMBOQUE DE LOS SERIS A EL COLORADO,2012-04-23,2014-04-22,28.3222221,-111.4527777
4,SONORA,HERMOSILLO,BAHIA DE KINO,2611002367,"S.C.P.P. ARRECIFES DE KINO, SC DE RL DE CV",PULPO,DESEMBOQUE DE LOS SERIS A EL COLORADO,2012-04-23,2014-04-22,28.8227474,-111.9363016
5,SONORA,HERMOSILLO,BAHIA DE KINO,2611002367,"S.C.P.P. ARRECIFES DE KINO, SC DE RL DE CV",JAIBA,DESEMBOQUE DE LOS SERIS A EL COLORADO,2012-04-23,2014-04-22,28.8227474,-111.9363016
6,SONORA,HERMOSILLO,BAHIA DE KINO,2611002367,"S.C.P.P. ARRECIFES DE KINO, SC DE RL DE CV",ESCAMA,DESEMBOQUE DE LOS SERIS A EL COLORADO,2012-04-23,2014-04-22,28.8227474,-111.9363016
9,TABASCO,PARAISO,VILLA PUERTO CEIBA,2703000246,"S.C.P.P. MECOACAN, S.C.L.",JAIBA,(NO EXCLUSIVA)  LAGUNA MECOACAN,2011-06-15,2014-04-25,18.3903139,-93.2163815
10,BAJA CALIFORNIA,ENSENADA,ENSENADA,203011283,"PUNTA ROSARITO, S.P.R. DE R.L.",CANGREJO,"1.- 28° 20´ 00"" 114° 05´00"" 2.- 28° 20´ 00"" 114° 20´00"" 3.- 28° 28´ 00"" 114° 03´ 00"" 4.- 28° 28´00"" 114° 20´00""",2012-11-06,2016-11-05,31.8667427,-116.5963713
11,BAJA CALIFORNIA,ENSENADA,,203012455,HUMBERTO MACLISH GALLEGOS,CANGREJO,"1.- 28° 34' 29.72"" 114° 11' 33.10"" 2.- 28° 33' 40"" 114° 13' 20"" 3.- 28° 32' 20"" 114° 07' 28"" 4.- 28° 31' 34"" 114° 08' 54""",2013-02-22,2015-02-21,31.8667427,-116.5963713
12,BAJA CALIFORNIA,ENSENADA,,203012505,JORGE CHACON CARAPIA,PULPO,"1.- 28° 38´ 30"" 113° 09' 30"" 2.- 28° 38' 30"" 113° 07' 0"" 3.- 28° 41´ 0"" 113° 09' 0"" 4.- 28° 41 0"" 113° 10' 0""",2013-06-07,2017-06-06,31.8667427,-116.5963713
13,BAJA CALIFORNIA,ENSENADA,EJIDO URUAPAN,203009279,"PRODUCTOS DEL MAR COSTA OESTE, S.P.R. DE R.L.",CARACOL PANOCHA,"1.- 29° 16´ 00"" 114° 51´ 30"" 2.- 29° 16´ 00"" 115° 06´ 15"" 3.- 29° 23´ 30"" 115° 01´ 45""",2012-11-28,2016-11-27,31.6267509,-116.4387969
14,BAJA CALIFORNIA,ENSENADA,ENSENADA,203010715,"S.P.R. PUNTA CANOAS, S. DE R.L. DE C.V.",CANGREJO,"1.- 29° 23' 00.44"" 115° 00' 08.27"" 2.- 29° 20' 30.06"" 115° 02' 00.42"" 3.- 29° 23' 06.52"" 115° 17' 22.27"" 4.- 29° 25' 51.15"" 115° 10' 38.43""",2013-02-11,2017-02-10,31.8667427,-116.5963713
15,BAJA CALIFORNIA,ENSENADA,EL MARMOL,203009261,"GRUPO DE PESCADORES RIBEREÑOS, S.P.R. DE R.L.",CANGREJO,"1.- 29° 32´ 38.68 115° 19´ 11.5"" 2.- 29° 27´ 22.04"" 115° 22´ 49.17"" 3.- 29° 23´ 08.00"" 115° 17´ 23.00"" 4.- 29° 25´ 39.32"" 115° 11´ 15.54""",2012-11-06,2016-11-05,31.8506845,-116.5997013
16,BAJA CALIFORNIA,ENSENADA,EL ROSARIO,203127105,"BAJA DESERT, S.P.R. DE R.L.",CANGREJO,"1.- 29° 34' 40"" 115° 28' 45"" 2.- 29° 37' 30"" 115° 27' 45"" 3.- 29° 31' 35"" 115° 28' 15"" 4.- 29° 31' 35"" 115° 36' 0"" 5.- 29° 40' 37"" 115° 45' 57"" 6.- 29° 42' 53"" 115° 38' 55""",2013-04-24,2017-04-23,30.059549,-115.725753
17,BAJA CALIFORNIA,ENSENADA,,203012616,"S.C.P.P. RIBEREÑOS DE PUERTO CATARINA, S. DE R.L. DE C.V.",CANGREJO,"1.- 29° 35' 35.3"" 115° 25' 36.1"" 2.- 29° 23' 18.9"" 115° 29' 46.2"" 3.- 29° 16' 22.8"" 115° 20' 31.3"" 4.- 29° 23' 08.0"" 115° 17' 23"" 5.- 29° 27' 22.04"" 115° 22' 49.17"" 6.- 29° 32' 38.68"" 115° 19' 11.5""",2013-03-04,2015-03-03,31.8667427,-116.5963713
18,BAJA CALIFORNIA,ENSENADA,EL ROSARIO,203000302,"S.C.P.P. ENSENADA, S.C.L.",CANGREJO,"1.- 30° 10' 38.64"" 115° 47' 50.99"" 2.- 29° 47' 14.99 115° 41' 30"" 3.- 29° 46' 30.08"" 115° 51' 22.19"" 4.- 30° 10' 45.47"" 116° 01' 34.23""",2013-04-24,2017-04-23,30.059549,-115.725753
19,BAJA CALIFORNIA,ENSENADA,SANCHEZ TABOADA,203008974,MARTIN CHACON CARAPIA,CARACOL PEREGRINO,"1.- 30° 17' 30"" 114° 38' 00"" 2.- 29° 46' 30"" 114° 16' 30""",2013-05-03,2017-05-02,32.4697732,-116.9792779
20,BAJA CALIFORNIA,ENSENADA,,203010384,"PESCADORES EL CHUTE, S.P.R. DE R.L.",CANGREJO,"1.- 30° 18' 26.9"" 115° 48' 55.6"" 2.- 30° 16' 40.78"" 116° 02' 00.0"" 3.- 30° 07' 52.41"" 115° 59' 46.33"" 4.- 30° 07' 11.15"" 115° 47' 32.97""",2013-04-24,2017-04-23,31.8667427,-116.5963713
21,BAJA CALIFORNIA,ENSENADA,SAN QUINTIN,203014063,"ROCAS DE SAN MARTIN, S.P.R. DE R.L.",CANGREJO,"1.- 30° 23´ 35.4"" 115° 59´41.9"" 2.- 30° 23´ 35.4"" 115° 59´ 03.7"" 3.- 30° 21´ 40.6 115° 57´ 33.7"" 4.- 30° 19´ 57.1"" 115° 59´ 37.4"" 5.- 30° 29´ 53.4 116° 09´ 47.2"" 6.- 30° 31´ 32.4"" 116° 02´ 26.2""",2012-11-06,2016-11-05,30.56087669999999,-115.9379302
22,BAJA CALIFORNIA,ENSENADA,SAN QUINTIN,20300857,OSTIONES GUERRERO S.A. DE C.V.,ALGA CAFÉ,"1.- 30° 31' 30"" 116° 02' 00"" 2.- 30° 27' 00"" 116° 02' 00"" 3.- 30° 27´00"" 116° 09´00"" 4.- 30° 31´30"" 116° 09´ 00""",2012-11-28,2016-11-27,30.56087669999999,-115.9379302
24,BAJA CALIFORNIA,ENSENADA,,203009117,JUAN CARLOS GOMEZ VELAZQUEZ,CANGREJO,"1.- 30° 44' 0"" 116° 24' 0"" 2.- 30° 44' 0"" 116° 32' 0"" 3.-31° 0' 0"" 116° 28' 0"" 4.- 31° 0' 0"" 116° 36' 30""",2013-05-14,2015-05-13,31.8667427,-116.5963713
25,BAJA CALIFORNIA,ENSENADA,CAMALU,203011093,"S.P.R. PUERTO CAMALU, S.P.R. DE R.L.",CANGREJO,"1.- 30° 59' 48.31"" 116° 20' 54.61"" 2.- 30° 59' 51.04"" 116° 27' 49.46 3.- 30° 43' 60.0"" 116° 24' 0"" 4.- 30° 43' 60"" 116° 16' 45"" 5.- 30° 42' 53.64"" 116° 02' 38.50""",2013-05-21,2017-05-22,30.8392713,-116.0620756
26,BAJA CALIFORNIA,ENSENADA,,203008719,UNIDAD DE PRODUCCION PESQUERA LAS CACHANILLAS SPR DE RL,MEJILLON,"1.- 31° 02' 00"" 116° 19' 45"" 2.-31° 02' 00"" 116° 21' 15"" 3.- 31° 09' 30"" 116° 18' 45"" 4.- 31° 09' 30"" 116° 21' 15""",2013-04-24,2017-04-23,31.8667427,-116.5963713
27,BAJA CALIFORNIA,ENSENADA,,203014535,JORGE ALVARADO MEZA ULLOA,ALMEJA CHIONE,"1.- 31° 15' 02.00"" 114° 54' 16.60"" 2.- 31° 19' 25.80"" 114° 50' 11.00"" 3.- 31° 11' 50.00"" 114° 51' 15.00"" 4.- 31° 11' 50.00"" 114° 53' 17.40""",2013-02-22,2017-02-21,31.8667427,-116.5963713
28,BAJA CALIFORNIA,ENSENADA,ENSENADA,203126677,"PRODUCTOS DEL MAR CATALINA, S. DE R.L. DE C.V.",ERIZO MORADO,"1.- 31° 50' 0"" 116° 50' 0"" 2.- 31° 50' 0"" 116° 46' 10"" 3.- 31° 47' 0"" 116° 50' 0"" 4.- 31° 47' 0"" 116° 45' 0""",2013-03-15,2017-03-14,31.8667427,-116.5963713
29,BAJA CALIFORNIA,ENSENADA,,203010491,"S.C.P.P. BUZOS Y PESC. BAHIA DE ENSENADA, S.C.L.",CANGREJO,"1.- 32° 15' 40"" 117° 03' 30"" 2.- 32° 15' 40"" 117° 0' 0"" 3.- 32° 21' 0"" 117° 04' 15"" 4.- 32° 21' 0"" 117° 06' 60""",2013-06-10,2017-06-09,31.8667427,-116.5963713
30,BAJA CALIFORNIA,ENSENADA,,203015128,"U.P.P.E. EL PUERTO DE SANTO TOMAS, SPR DE RL",ERIZO MORADO,"1.-31° 35' 00"" 116° 43' 00"" 2.-31° 34' 30"" 116° 41' 00"" 3.-31° 31' 15"" 116° 40' 00"" 4.-31° 31' 15"" 116° 39' 30"" 5.-31° 32´ 45"" 116° 40' 00"" 6.-31° 28´30"" 116° 36' 15"" 7.-31° 28' 30"" 116° 40' 00""",2013-03-15,2017-03-14,31.8667427,-116.5963713
31,BAJA CALIFORNIA,ENSENADA,ENSENADA,203010715,"S.P.R. PUNTA CANOAS, S. DE R.L. DE C.V.",CARACOL PANOCHA,"29 23 00.44  115 00 08.27, 29 20 30.06  115 02 00.42, 29 23 06.52  115 17 22.27, 29 25 51.15  115 10 38.43",2012-02-28,2015-03-30,31.8667427,-116.5963713
32,BAJA CALIFORNIA,MEXICALI,SAN FELIPE,203013966,LUIS HIRAM VALDEZ VALENZUELA,ALMEJA CATARINA,"29 53 26.95  114 24 05, 29 57 46.01  114 22 38.87, 29 59 54.94  114 25 05.86, 29 59 53.43  114 33 55.60",2012-04-13,2016-04-12,31.0250709,-114.8407776
33,BAJA CALIFORNIA,ENSENADA,EL ROSARIO,203126802,"GRUPO JAUREGUI HERNANDEZ, S.P.R. DE R.L.",PEPINO DE MAR,"29° 57' 00""  115° 45' 25"", 29° 46' 50""  115° 47' 10"", 29° 47' 15""  115° 41' 30°""",2011-12-01,2015-11-30,30.059549,-115.725753
34,BAJA CALIFORNIA,ENSENADA,SAN  QUINTIN,203008578,OSTIONES GUERRERO S.A. DE C.V.,CANGREJO,"30° 27' 00""  116° 02' 00"", 30° 31' 30""  116° 02' 00"", 30° 27' 00""  116° 09' 00"", 30° 31' 30""  116° 09' 00""",2011-11-28,2015-10-13,30.56087669999999,-115.9379302
35,BAJA CALIFORNIA,ENSENADA,EJIDO RUBEN JARAMILLO,203011457,"SUR PACIFIC, S.P.R. DE R.L.",PEPINO DE MAR,"30° 54' 00""  116° 12' 45"", 30° 54' 00""  116° 21' 00"", 31° 00' 00""  116° 22' 30"", 31° 09' 30""  116° 20' 50"", 31° 09' 30""  116° 19' 00""",2011-12-13,2015-12-12,30.9223869,-116.1285573
36,BAJA CALIFORNIA,ENSENADA,SAN QUINTIN,202000444,"OSTRICOLA NAUTILUS, S. DE R.L. DE C.V.",ALGA ROJA,"31 20 00   116 27 30, 31 10 00   116 19 00, 30 32 00   116 02 30, 30 20 17    115 59 27",2012-06-21,2017-06-20,30.56087669999999,-115.9379302
37,BAJA CALIFORNIA,ENSENADA,ENSENADA,203002811,SALVADOR VALENCIA MEDINA,PEPINO DE MAR,"31° 26' 00""  116° 44' 00"", 31° 26'00""  116° 32' 00"", 31° 22' 00""  116° 29' 15"", 31° 22' 00"" 116° 42' 45""",2011-12-13,2015-12-12,31.8667427,-116.5963713
38,BAJA CALIFORNIA,ENSENADA,EL SAUZAL,203008198,"PESCADORES Y BUZOS RIBEREÑOS DE MANCHURIA, S.A. DE C.V.",LANGOSTA ROJA,"32 01 10   116 53 20 , 32 01 10  116 57 10, 31 58 45  116 51 30, 31 58 45  116 54 00",2011-08-19,2015-01-28,31.8525368,-116.6075333
39,BAJA CALIFORNIA,PLAYAS DE ROSARITO,ROSARITO,203008297,LUIS ALBERTO ROBLES GARCIA,ESTRELLA DE MAR,"32 15 00   116 57 15, 32 27 00   117 07 00",2012-07-30,2014-07-29,32.3661011,-117.0617553
40,BAJA CALIFORNIA,PLAYAS DE ROSARITO,ENSENADA,203007901,"U.P.P. PESCADORES RIBEREÑOS DE BAJA CALIFORNIA, S.P.R. DE R.L. ",ERIZO MORADO,"32 21 00  117 09 00, 32 21 00  117 15 00, 32 23 00   117 15 00, 32 23 00  117 13 30, 32 24 20  117 13 15",2012-07-17,2014-07-16,32.355755,-117.0586354
41,SONORA,HUATABAMPO,,2609002320,"S.C.P.P. RUPERTO VELAZQUEZ GASTELUM, S.C. DE R.L.",JAIBA,AGIABAMPO AL SIARI,2010-08-30,2014-08-29,26.8271492,-109.6418609
43,SONORA,HUATABAMPO,YAVAROS (ISLAS LA VIEJAS,2609001744,"S.C.P.P. ZIHUATLECOS, SC. DE RL.",CAMARON DE ESTERO,AGIABAMPO AL SIARIC,2012-06-29,2014-06-28,26.7048374,-109.51555
44,SONORA,HUATABAMPO,HUATABAMPO,2609001173,"S.C.P.P. Y A. PESCADORES DE HUATABAMPO, SCL.",JAIBA,AGIABAMPO AL SIARIC,2012-04-04,2014-04-03,26.8271492,-109.6418609
45,SONORA,HUATABAMPO,HUATABAMPO,2609002031,"S.C.P.P. SERVANDO MOROYOQUI SAINZ, SC. DE RL.",JAIBA,AGIABAMPO AL SIARIC,2011-12-02,2015-12-01,26.8271492,-109.6418609
46,SONORA,HUATABAMPO,HUATABAMPO,2609001173,"S.C.P.P. Y A. PESCADORES DE HUATABAMPO, SCL.",LISA,AGIABAMPO AL SIARIC,2012-04-04,2014-04-03,26.8271492,-109.6418609
47,SONORA,HUATABAMPO,HUATABAMPO,2609001173,"S.C.P.P. Y A. PESCADORES DE HUATABAMPO, SCL.",ESCAMA,AGIABAMPO AL SIARIC,2012-04-04,2014-04-03,26.8271492,-109.6418609
48,SONORA,HUATABAMPO,YAVAROS,2609001744,"S.C.P.P. ZIHUATLECOS, SC. DE RL.",TIBURON,AGIABAMPO AL SIARIC,2012-01-20,2014-01-19,26.8377513,-109.644919
49,SONORA,HUATABAMPO,YAVAROS (ISLAS LAS VIEJAS),2609001744,"S.C.P.P. ZIHUATLECOS, SC. DE RL.",ESCAMA,AGIABAMPO AL SIARIC,2012-06-29,2014-06-28,26.7048374,-109.51555
50,SONORA,HUATABAMPO,YAVAROS,2609000183,"S.C.P.P. ""REIVINDICACION"" SCL",JAIBA,AGIABAMPO AL SIARIC,2012-01-20,2014-01-19,26.7048374,-109.51555
51,SONORA,HUATABAMPO,HUATABAMPO,2609014416,"S.C.P.P. ""PESCADORES DE CEVASCO"" SCL",CAMARON DE ESTERO,AGIABAMPO AL SIARIC,2012-04-23,2014-04-22,26.8271492,-109.6418609
52,SONORA,HUATABAMPO,MORONCARIT,2609001165,"S.C.P.P. ""MEDANOS BLANCOS"" SCL",ESCAMA,AGIABAMPO AL SIARIC,2012-01-05,2014-01-04,26.7347104,-109.6126139
53,SONORA,HUATABAMPO,HUATABAMPO,2609003369,"S.C.P.P. ""LA NUEVA OPCION"" SC DE RL",CAMARON DE ESTERO,AGIABAMPO AL SIARIC,2012-06-29,2014-06-28,26.8271492,-109.6418609
54,SONORA,HUATABAMPO,MORONCARIT,2609001280,"S.C.P.P. ""ARNULFO LEON ZAZUETA"" SCL",CAMARON DE ESTERO,AGIABAMPO AL SIARIC,2012-09-14,2016-09-13,26.7347104,-109.6126139
55,SONORA,HUATABAMPO,YAVAROS,2609001215,"S.C.P.P. "" LOMA PARDA"" SCL",CALLO DE HACHA,AGIABAMPO AL SIARIC,2012-03-24,2014-03-23,26.7048374,-109.51555
56,SONORA,HUATABAMPO,HUATABAMPO,2609003351,"S.C.P.P. Y SERVICIOS LARVA MAYO, S.C.L.",ESCAMA,AGIABAMPO AL SIARIC,2011-02-04,2015-02-03,26.8271492,-109.6418609
57,SONORA,HUATABAMPO,HUATABAMPO,2609001504,"S.C.P.P. Y COMERCIALIZACION DEL NOROESTE DE MEXICO, S.C.L.",TIBURON,AGIABAMPO AL SIARIC,2011-01-31,2015-01-30,26.8271492,-109.6418609
58,SONORA,HUATABAMPO,HUATABAMPO,2609003146,"S.C.P.P. KUTCHU TASKARI TORTILLA Y PESCADO, S.C. DE R.L.",CAMARON DE ESTERO,AGIABAMPO AL SIARIC,2013-03-15,2015-03-14,26.8271492,-109.6418609
59,SONORA,HUATABAMPO,YAVAROS,2609014754,ELEAZAR LOPEZ GUTIERREZ,JAIBA,AGIABAMPO AL SIARIC,2012-04-23,2014-04-22,26.7048374,-109.51555
60,SONORA,HUATABAMPO,YAVAROS,2609014754,ELEAZAR LOPEZ GUTIERREZ,ESCAMA,AGIABAMPO AL SIARIC,2012-04-23,2014-04-22,26.7048374,-109.51555
61,SONORA,HUATABAMPO,YAVAROS,2609014754,ELEAZAR LOPEZ GUTIERREZ,CALAMAR GIGANTE,AGIABAMPO AL SIARIC,2012-04-23,2014-04-22,26.7048374,-109.51555
62,SONORA,HUATABAMPO,MORONCARIT,2609014317,ANA LAURA TAPIA ORNELAS,ESCAMA,AGIABAMPO AL SIARIC,2012-04-23,2014-04-22,26.7347104,-109.6126139
63,SONORA,HUATABAMPO,YAVAROS (ISLAS VIEJAS),2609000985,ALVARO PEREZ CARRILLO,CAMARON DE ESTERO,AGIABAMPO AL SIARIC,2012-06-29,2014-06-28,26.7033549,-109.5315193
64,SONORA,HUATABAMPO,MORONCARIT,2609014317,ANA LAURA TAPIA ORNELAS,CAMARON DE ESTERO,AGIABAMPO AL SIARIC,2012-04-23,2014-04-22,26.7347104,-109.6126139
65,SONORA,HUATABAMPO,YAVAROS (ISLAS LAS VIEJAS),2609000985,ALVARO PEREZ CARRILLO,ESCAMA,AGIABAMPO AL SIARIC,2012-03-25,2014-03-24,26.7048374,-109.51555
66,SONORA,HUATABAMPO,YAVAROS,2609014762,PESCADORES DE JUTIAPA SC. DE RL DE CV.,CALLO DE HACHA,AGIABAMPO AL SIARIC,2012-04-23,2014-04-22,26.7048374,-109.51555
67,SONORA,HUATABAMPO,YAVAROS (ISLAS VIEJAS),2609003377,LOS TRES CANGREJOS SPR DE RL.,CAMARON DE ESTERO,AGIABAMPO AL SIARIC,2012-03-25,2014-03-24,26.7033549,-109.5315193
68,SONORA,HUATABAMPO,MORONCARIT,2609003385,INDIOS PESCADORES SPR DE RL.,CAMARON DE ESTERO,AGIABAMPO AL SIARIC,2012-03-25,2014-03-24,26.7347104,-109.6126139
69,SONORA,HUATABAMPO,HUATABAMPO,2609003211,ALFONSO MORENO OSUNA,JAIBA,"AGIABAMPO AL SIARIC. EL TITULAR DEBE CUMPLIR CON LOS ARTICULOS 44,48,50,80 Y 88 FRACC II Y IV DE LA LEY GENERAL DE PESCA Y ACUACULTURA SUSTENTABLE ASI COMO LAS DISPOSICIONES ESTABLECIDAS EN LOS DECRETOS DE CREACION DE AREAS PROTEGIDAS Y SUS PROGRAMAS DE MANEJOS RESPECTIVOS.",2013-02-15,2015-02-14,26.8271492,-109.6418609
70,SONORA,HUATABAMPO,HUATABAMPO,2609003211,ALFONSO MORENO OSUNA,,"AGIABAMPO AL SIARIC. EL TITULAR DEBE CUMPLIR CON LOS ARTICULOS 44,48,50,80 Y 88 FRACC II Y IV DE LA LEY GENERAL DE PESCA Y ACUACULTURA SUSTENTABLE ASI COMO LAS DISPOSICIONES ESTABLECIDAS EN LOS DECRETOS DE CREACION DE AREAS PROTEGIDAS Y SUS PROGRAMAS DE MANEJOS RESPECTIVOS.",2013-02-15,2015-02-14,26.8271492,-109.6418609
71,SONORA,HUATABAMPO,HUATABAMPO,2609003211,ALFONSO MORENO OSUNA,JAIBA,"AGIABAMPO AL SIARIC.EL TITULAR DEBE CUMPLIR CON LOS ARTICULOS 44,48,50,80 Y 88 FRACC II Y IV DE LA LEY GENERAL DE PESCA Y ACUACULTURA SUSTENTABLE ASI COMO LAS DISPOSICIONES ESTABLECIDAS EN LOS DECRETOS DE CREACION DE AREAS PROTEGIDAS Y SUS PROGRAMAS DE MANEJOS RESPECTIVOS.",2013-02-15,2015-02-14,26.8271492,-109.6418609
72,SINALOA,MAZATLAN,MAZATLAN,2508015720,CARLOS ARTURO ARREDONDO MARTINEZ,ESCAMA MARINA,"AGUA DE JURISDICCIÓN FEDERAL ADYACENTES AL ESTADO DE SINALOA, ESPECIFICAMENTE EN MAZATLÁN, ENTRE BARRAS DE PIAXTLA Y BARRÓN",2012-08-03,2014-08-02,23.2494148,-106.4111425
73,CHIAPAS,VENUSTIANO CARRANZA,EJIDO BELISARIO DOMINGUEZ,709000095,S.S.S. CERRO BANQUIL,ESCAMA DE AGUA DULCE,AGUA DEBAJO DE LA CORTINA DE LA PRESA DR. BELISARIO DOMINGUEZ (LA ANGOSTURA) AL EMBARCADERO DE CHIAPA DE CORZO,2012-04-16,2014-04-15,16.4070685,-92.7624249
75,NAYARIT,BAHIA DE BANDERAS,LA CRUZ DE HUANACAXTLE,1807000664,RAUL DE SANTIAGO DIAZ,ESCAMA MARINA,AGUAS  NACIONALES DEL LITORAL DEL ESTADO DE NAYARIT,2012-04-02,2014-04-01,20.7544076,-105.3760604
76,SINALOA,NAVOLATO,,2501001339,S.C.P.P. EJIDO DE LAGUNA DE CAIMANERO SCL,ESCAMA DE AGUA DULCE,AGUAS CONTIENENTALES DE LA LAGUNA DE CAIMANERO EN EL MPIO DE NAVOLATO,2010-02-16,2014-02-15,24.7637822,-107.7014482
78,SINALOA,ELOTA,,2508004823,"S.C.P.P. PUEBLO NUEVO ZOQUITITAN, S.C.L.",ESCAMA DE AGUA DULCE,"AGUAS CONTIENENTALES DE LA PRESA JOSEFA ORTIZ DE DOMINGUEZ, EN EL ESTADO DE SINALOA",2010-03-24,2014-03-03,23.9204149,-106.7999649
79,SINALOA,AHOME,JUAN  JOSE RIOS,2507000624,CLEMENTE PALAFOX ZAZUETA,SAPO,"AGUAS CONTINENTALES DE DRENES Y CANALES DE JUAN JOSE RIOS, EN EL ESTADO DE SINALOA ",2011-09-26,2015-09-25,25.7636444,-108.8358391
80,SINALOA,AHOME,VALLE DEL CARRIZO,2507005458,JESUS MARIA RODRIGUEZ BOJORQUEZ,RANA,"AGUAS CONTINENTALES DE DRENES Y CANALES DEL DISTRITO DE RIEGO NO. 75 EN EL VALLE DEL CARRIZO DE LA SECCION 1 A LA 5 DE BACOREHUIS, NUEVO SINALOA, VENUSTIANO CARRANZA, REFORMA Y CHIHUAHUITA, EN EL ESTA",2011-11-16,2013-11-15,25.8067979,-109.0214949
82,SINALOA,CULIACAN,JESUS MARIA,2501001792,"S.C.P.P. LA CURVA DE JESUS MARIA , S.C.L.",ESCAMA DE AGUA DULCE,AGUAS CONTINENTALES DE LA ADOLFO LOPEZ MATEOS EN EL BADIRAGUATO DE SINALOA,2012-10-11,2016-10-10,25.0897222,-107.4508333
83,SINALOA,NAVOLATO,VILLA JUAREZ,2501001412,ELIGIO DONES RIVAS,ESCAMA DE AGUA DULCE,"AGUAS CONTINENTALES DE LA LAGUNA DE CAIMANERO CORRESPONDIENTE AL MUNICIPIO DE NAVOLATO, EN EL ESTADO DE SINALOA",2012-08-01,2016-07-31,24.7480556,-107.6911535
84,SINALOA,BADIRAGUATO,EL VAREJONAL,2501001354,SC.P.P. EL VAREJONAL SCL,ESCAMA DE AGUA DULCE,AGUAS CONTINENTALES DE LA PRESA ADOLFO LOPEZ MATEOS EN EL ESTADO DE SINALOA,2012-10-15,2016-10-14,25.0941666,-107.3952777
85,SINALOA,CULIACAN,,2501001271,"S.C.P.P. CUALPITA, S.C.L.",ESCAMA DE AGUA DULCE,AGUAS CONTINENTALES DE LA PRESA ADOLFO LOPEZ MATEOS EN EL ESTADO DE SINALOA,2010-03-09,2014-03-08,24.8090649,-107.3940117
86,SINALOA,ELOTA,EL SALTO GRANDE,2501001420,"S.C.P.P. SALTO CHICO, S.C.L.",ESCAMA DE AGUA DULCE,AGUAS CONTINENTALES DE LA PRESA ADOLFO LOPEZ MATEOS EN EL ESTADO DE SINALOA,2012-10-05,2016-10-04,24.127159,-106.731734
87,SINALOA,ELOTA,,2501002154,"S.C.P.P. LAS COROCHERAS, S. DE R.L.",ESCAMA DE AGUA DULCE,"AGUAS CONTINENTALES DE LA PRESA AURELIO BENANZINI VIZCAINO, EN EL ESTADO DE SINALOA",2010-04-20,2014-04-19,23.9204149,-106.7999649
88,SINALOA,ELOTA,,2501001883,"S.C.P.P. EL AGARROSO, S.R.L.",ESCAMA DE AGUA DULCE,"AGUAS CONTINENTALES DE LA PRESA AURELIO BENANZINI VIZCAINO, EN EL ESTADO DE SINALOA",2010-09-23,2014-09-22,23.9204149,-106.7999649
89,SINALOA,ELOTA,,2501001594,"S.C.P.P. ARROYO  CHIRIMOLE, S.C.L.",ESCAMA DE AGUA DULCE,"AGUAS CONTINENTALES DE LA PRESA AURELIO BENANZINI VIZCAINO, EN EL ESTADO DE SINALOA",2010-02-22,2014-02-21,23.9204149,-106.7999649
91,SINALOA,SALVADOR ALVARADO,GUAMUCHIL,2506000393,"S.C.P.P. RIO MOCORITO, S.C.L.",ESCAMA DE AGUA DULCE,AGUAS CONTINENTALES DE LA PRESA EUSTAQUIO BUELNA EN EL ESTADO DE SINALOA,2011-01-31,2015-01-30,25.4586777,-108.07765
92,SINALOA,SINALOA,OCORONI,2507006134,OSCAR ARIEL LOPEZ CASTRO,ESCAMA DE AGUA DULCE,"AGUAS CONTINENTALES DE LA PRESA GUILLERMO BLAKE AGUILAR, EN EL MUNICIPIO DE SINALOA DE LEYVA, ESTADO DE SINALOA.",2013-08-12,2015-08-11,25.9456689,-108.4091031
93,SINALOA,SINALOA,BACURITO,2505000857,"S.C.P.P. VASOBUENA, S.C.L.",ESCAMA DE AGUA DULCE,AGUAS CONTINENTALES DE LA PRESA GUSTAVO DIAZ ORDAZ (BACURATO) EN EL ESTADO DE SINALOA,2012-09-05,2016-09-04,25.8111709,-107.9114991
95,SINALOA,SINALOA,BACUBIRITO,2505000691,"S.C.P.P. FOMENTO Y DESARROLLO DE BACUBIRITO, S.C.L.",ESCAMA DE AGUA DULCE,"AGUAS CONTINENTALES DE LA PRESA GUSTAVO DIAZ ORDAZ (BACURATO), EN EL ESTADO DE SINALOA",2012-11-15,2016-11-14,25.8111709,-107.9114991
96,SINALOA,CULIACAN,CULIACAN,2501001893,S.C.P.P. VINORAMAS. S.C.L.,ESCAMA MARINA,AGUAS CONTINENTALES DE LA PRESA ING. JUAN M. GUERRERO ALCOCER,2012-11-29,2016-11-28,24.8090649,-107.3940117
97,SINALOA,COSALA,,2501001206,"S.C.P.P.Y PESCA DEPORTIVA LA BOCA DE LA PRESA, S.C.L.",ESCAMA DE AGUA DULCE,AGUAS CONTINENTALES DE LA PRESA JOSE LOPEZ PORTILLO,2010-03-24,2014-03-23,24.4136366,-106.6915369
99,SINALOA,EL FUERTE,,2503000842,"S.C.P.P. LOS AYALOS, S. DE R.L.",ESCAMA DE AGUA DULCE,AGUAS CONTINENTALES DE LA PRESA JOSEFA ORTIZ DE DOMINGUEZ EN EL ESTADO DE SINALOA,2010-02-12,2014-02-11,26.417632,-108.6145938
100,SINALOA,EL FUERTE,,2503000750,"S.C.P.P. EL CHINAL, S. DE R.L.",ESCAMA DE AGUA DULCE,AGUAS CONTINENTALES DE LA PRESA JOSEFA ORTIZ DE DOMINGUEZ EN EL ESTADO DE SINALOA,2010-02-12,2014-02-11,26.417632,-108.6145938
101,SINALOA,EL FUERTE,EL FUERTE,2503000743,"S.C.P.P. EL PASO VIEJO, S. DE R.L.",ESCAMA DE AGUA DULCE,AGUAS CONTINENTALES DE LA PRESA JOSEFA ORTIZ DE DOMINGUEZ EN EL ESTADO DE SINALOA,2011-04-25,2015-04-24,26.417632,-108.6145938
104,SINALOA,CHOIX,CHOIX,2503001105,"SCTP ING. RENATO VEGA ALVARADO, S. C. L.",ESCAMA DE AGUA DULCE,AGUAS CONTINENTALES DE LA PRESA LIC. LUIS DONALDO COLOSIO MURRIETA EN EL,2010-05-12,2014-05-11,26.7087657,-108.3245451
105,SINALOA,EL FUERTE,AGUACALIENTITA,2503000727,"S.C.P.P. AGUACALIENTITA, S.C. DE R.L.",ESCAMA DE AGUA DULCE,AGUAS CONTINENTALES DE LA PRESA MIGUEL HIDALGO Y COSTILLA,2010-10-18,2014-10-18,26.5952777,-108.4933333
106,SINALOA,EL FUERTE,EL FUERTE,2503000156,RUBEN LOPEZ AYALA,ESCAMA DE AGUA DULCE,AGUAS CONTINENTALES DE LA PRESA MIGUEL HIDALGO Y COSTILLA EN EL ESTADO DE SINALOA,2011-04-25,2015-04-24,26.417632,-108.6145938
108,SINALOA,EL FUERTE,EL MAHONE,2503001121,MARIA SANDRA NIEBLAS GARCIA,ESCAMA DE AGUA DULCE,"AGUAS CONTINENTALES DE LA PRESA MIGUEL HIDALGO Y COSTILLA, EN EL ESTADO DE SINALOA",2011-05-11,2015-05-10,26.5052777,-108.5686111
109,SINALOA,CULIACAN,JESUS MARIA,2501000380,"S.C.P.P. PRESA PRESIDENTE ADOLFO LOPEZ MATEOS, S.C.L.",ESCAMA DE AGUA DULCE,AGUAS CONTINENTALES DE LA PRESA PRESIDENTE ADOLFO LOPEZ MATEOS,2012-11-25,2016-11-25,25.0897222,-107.4508333
111,SINALOA,CULIACAN,CULIACAN,2501001049,"S.C.P.P. DE AGUADULCE LA NICARAGUENSE, S.C.L.",ESCAMA DE AGUA DULCE,"AGUAS CONTINENTALES DE LOS DIQUES ALHUATE, LAS MILPAS, LOS PERROS, LA VIÑATA, ETC",2012-11-05,2016-11-04,24.8090649,-107.3940117
113,SINALOA,CULIACAN,COSTA RICA,2501001313,FRANCISCO JAVIER ORDOÑO OCHOA,RANA,AGUAS CONTINENTALES DEL DISTRITO DE RIEGO NO. 136 EN EL ESTADO DE SINALOA,2012-08-01,2016-07-31,24.085556,-107.052222
114,SINALOA,GUASAVE,GUASAVE,2505001558,OCTAVIO LOPEZ SEPULVEDA,RANA,AGUAS CONTINENTALES DEL DISTRITO DE RIEGO NO. 63 EN SINALOA DE LEYVA,2010-10-18,2014-10-18,25.5666987,-108.4673051
116,SINALOA,EL FUERTE,,2503000867,"S.C.P.P. LAS COROCHERAS, S. DE R.L.",ESCAMA DE AGUA DULCE,"AGUAS CONTINENTALESDE LA PRESA JOSEFA ORTIZ DE DOMINGUEZ, EN EL ESTADO DE SINALOA",2010-09-29,2014-09-28,26.417632,-108.6145938
117,SINALOA,CHOIX,CHOIX,2503001089,"SCTP LIC. JUAN S. MILLAN LIZARRAGA, S. C. L.",ESCAMA DE AGUA DULCE,AGUAS CONTINENTALESDE LA PRESA LUIS DONALDO COLOSIO MURRIETA EN EL ESTADO DE SINALOA,2010-01-08,2014-01-07,26.7087657,-108.3245451
118,SINALOA,EL FUERTE,,25030000828,"S.C.P.P. EL CHINUHAQUI, S. DE R.L.",ESCAMA DE AGUA DULCE,AGUAS CONTINENTALESDE LA PRESA MIGUEL HIDALGO Y COSTILLA,2010-01-08,2014-01-07,26.417632,-108.6145938
119,BAJA CALIFORNIA,ENSENADA,BAHIA DE LOS ANGELES,203015705,JOSE MATILDE ARCE SMITH,CALAMAR GIGANTE,"AGUAS DE  JURISDICCIÓN FEDERAL DEL LITORAL DEL GOLFO DE CALIFORNIA ADYACENTES AL ESTADO DE BAJA CALIFORNIA, FUERA DE LA ZONA NÚCLEO DE LA RESERVA DE LA BIOSFERA DEL ALTO GOLFO DE CALIFORNIA Y DELTA DEL RIO COLORADO.",2012-10-17,2014-10-16,28.9519153,-113.5624339
120,SINALOA,GUASAVE,EL HUITUSSI,2508000946,S.C.P.P. PESC. DE LA BAHIA DE NAVACHISTE S.C.L.,ESCAMA MARINA,"AGUAS DE JURICCION DEL GOLFO DE CALIFORNIA ADYACENTE AL MUNICIPIO DE GUASAVE, EN EL ESTADO DE SINALOA",2012-03-28,2014-03-27,25.6438888,-108.6919444
126,GUERRERO,CUAJINICUILAPA,PUNTA MALDONADO,1205001967,OSCAR NAVARRETE RUMUALDO,ESCAMA MARINA,AGUAS DE JURIDICCION FEDERAL DEL ESTADO DE GUERRERO,2012-03-30,2014-03-29,16.3261111,-98.5669444
129,SINALOA,GUASAVE,EL COLORADITO,2505000253,S.C.P.P. RIBEREÑA EL HUITUSSI S. DE R.L. DE C.V.,ESCAMA MARINA,AGUAS DE JURIDICCION FEDERAL DEL GOLFO DE CALIFORNIA ADYACENTE AL MUNICIPIO DE GUASAVE EN EL ESTADO DE SINALOA,2012-03-28,2014-03-27,25.506245,-108.718051
130,SINALOA,GUASAVE,EL HUITUSSI,2505000261,"S.C.P.P. UNION DE PESCADORES DEL RIO SINALOA, S. DE R.L. DE C.V.",ESCAMA MARINA,AGUAS DE JURIDICCION FEDERAL DEL GOLFO DE CALIFORNIA ADYACENTE AL MUNICIPIO DE GUASAVE EN EL ESTADO DE SINALOA,2012-03-28,2014-03-27,25.6438888,-108.6919444
132,BAJA CALIFORNIA SUR,LA PAZ,SAN EVARISTO,312003261,JOSE GUADALUPE SIERRA VALDEZ,ESCAMA MARINA,"AGUAS DE JURIDICCION FEDERAL DEL GOLFO DE CALIFORNIA ADYACENTE AL MUNICIPIO DE LA PAZ, ESTADOS DE BAJA CALIFORNIA SUR",2012-06-25,2014-06-24,24.9078059,-110.7087899
133,BAJA CALIFORNIA SUR,COMONDU,CD. CONSTITUCION,303001267,"S.C.P.P. PESCADORES DE ISLA SANTA CRUZ, S.C. DE R.L.",ESCAMA MARINA,"AGUAS DE JURIDICCION FEDERAL DEL GOLFO DE CALIFORNIA ADYACENTE AL MUNICIPIO DE LORETO, EN EL ESTADO DE BAJA CALIFORNIA SUR",2012-03-23,2014-03-22,25.0384869,-111.6601104
134,BAJA CALIFORNIA SUR,LA PAZ,LA PAZ,305006645,"S.C. HERMANOS CALDERON, S.C. DE R.L.",ESCAMA MARINA,"AGUAS DE JURIDICCION FEDERAL DEL GOLFO DE CALIFORNIA ADYACENTE AL MUNICIPIO DE LORETO, EN EL ESTADO DE BAJA CALIFORNIA SUR",2012-03-28,2014-03-27,24.1426408,-110.3127531
135,BAJA CALIFORNIA SUR,LORETO,LORETO,306001033,"S.C.A.P.P. MONSERRAT, S. DE R.L.",ESCAMA MARINA,"AGUAS DE JURIDICCION FEDERAL DEL GOLFO DE CALIFORNIA ADYACENTE AL MUNICIPIO DE LORETO, EN EL ESTADO DE BAJA CALIFORNIA SUR",2012-03-23,2014-03-22,26.0117564,-111.3477531
136,BAJA CALIFORNIA SUR,LORETO,,306001108,"S.C.P.P. LA ZORRA, S.C. DE R.L.",ESCAMA MARINA,"AGUAS DE JURIDICCION FEDERAL DEL GOLFO DE CALIFORNIA ADYACENTE AL MUNICIPIO DE LORETO, EN EL ESTADO DE BAJA CALIFORNIA SUR",2012-03-22,2014-03-21,26.0117564,-111.3477531
137,BAJA CALIFORNIA SUR,LORETO,LORETO,306001710,"S.C.P.P. LA RAMADITA, SC DE RL",ESCAMA MARINA,"AGUAS DE JURIDICCION FEDERAL DEL GOLFO DE CALIFORNIA ADYACENTE AL MUNICIPIO DE LORETO, EN EL ESTADO DE BAJA CALIFORNIA SUR",2012-03-22,2014-03-21,26.0117564,-111.3477531
138,SINALOA,AHOME,EL CERRO CABEZON,2505001186,"S.C.P.P. LA INFALIBLE, S DE R.L. DE C.V.",ESCAMA MARINA,"AGUAS DE JURIDICCION FEDERAL DEL GOLFO DE CALIFORNIA, ADYACENTE AL MUNICIPIO DE GUASAVE, EN EL ESTADO DE SINALOA",2012-05-18,2014-05-17,25.6352777,-108.8861111
139,BAJA CALIFORNIA SUR,LORETO,LORETO,306001290,"S.C.P.P. LOS MELCENARES, S.C. DE R.L.",ESCAMA MARINA,"AGUAS DE JURIDICCION FEDERAL DEL GOLFO DE CALIFORNIA, ADYACENTE AL MUNICIPIO DE LORETO, B.C.S.",2012-06-20,2014-06-19,26.0117564,-111.3477531
141,BAJA CALIFORNIA SUR,LORETO,LORETO,306001090,"S.C.P.P. PESCADORES DE LA COLONIA ZARAGOZA, S.C. DE R.L. DE C.V.",ESCAMA MARINA,"AGUAS DE JURIDICCION FEDERAL DEL GOLFO DE CALIFORNIA, ADYACENTE AL MUNICIPIO DE LOTERO, EN EL ESTADO DE BAJA CALIFORNIA SUR",2012-05-25,2014-05-24,26.0117564,-111.3477531
142,BAJA CALIFORNIA SUR,MULEGE,MULEGE PUEBLO,312003189,"S.C. MULEGE DORADO, S.C. DE R.L. DE C.V.",CALAMAR,"AGUAS DE JURIDICCION FEDERAL DEL GOLFO DE CALIFORNIA, ADYACENTE AL MUNICIPIO DE MULEGE, ESTADP D BAJA CALIFORNIA SUR",2012-05-29,2014-05-28,26.8922164,-111.9835831
