main_ID,Año,Folio,Fecha,Estado,Municipio,Localidad,Lugar,Tipo,Instrumento,Estatus,Especie
1,2011,,,BAJA CALIFORNIA,ENSENADA,LA BUFADORA,EJIDO ESTEBAN CANTU,,,ATENDIDO,
2,2011,,,BAJA CALIFORNIA,MEXICALI,SAN FELIPE,MUELLE,,,ATENDIDO,
3,2011,,,BAJA CALIFORNIA,MEXICALI,SAN FELIPE,MALECON Y MUELLES,,,ATENDIDO,
4,2011,,,BAJA CALIFORNIA,ENSENADA,EL ROSARIO DE ABAJO,PUNTA BAJA,,,ATENDIDO,
5,2011,,,BAJA CALIFORNIA SUR,COMONDU,CIUDAD CONSTITUCION,LA BOCANA,,,ATENDIDO,
6,2011,,,BAJA CALIFORNIA SUR,COMONDU,PUERTO MAGDALENA,BAHIA MAGDELENA,,,ATENDIDO,
7,2011,,,BAJA CALIFORNIA SUR,COMONDU,PUERTO MAGDALENA,PUERTO SAN CARLOS,,,ATENDIDO,
8,2011,,,CAMPECHE,CAMPECHE,BETHANIA,NO ESPECIFICADO,,,ATENDIDO,
9,2011,,,CAMPECHE,CAMPECHE,SAN FRANCISCO DE CAMPECHE,LERMA,,,ATENDIDO,
10,2011,,,CAMPECHE,CAMPECHE,SAN FRANCISCO DE CAMPECHE,OFICINAS,,,ATENDIDO,
11,2011,,,CAMPECHE,CHAMPOTON,CHAMPOTON,FRENTE AL SALON CORAL,,,ATENDIDO,
12,2011,,,CHIAPAS,TONALA,BOCA DEL CIELO,RANCHO SAN RAMON,,,ATENDIDO,
13,2011,,,COLIMA,COLIMA,EL ASTILLERO DE ABAJO,CERRITOS,,,ATENDIDO,
14,2011,,,COLIMA,TECOMAN,TECOMAN,TECOMAN,,,ATENDIDO,
15,2011,,,GUANAJUATO,LEON,LEON DE LOS AL DAMA,LEON,,,ATENDIDO,
16,2011,,,GUANAJUATO,ACAMBARO,IRAMUCO,LAGO DE CUITZEO,,,ATENDIDO,
17,2011,,,GUANAJUATO,YURIRIA,ARAGON,LANGOSTURA,,,ATENDIDO,
18,2011,,,JALISCO,UNION DE TULA,UNION DE TULA,PRESATRIGOMIL,,,ATENDIDO,
19,2011,,,JALISCO,AMATITAN,AMATITAN,"CHAMELA Y PERULA, BARRA DE NAVIDAD",,,ATENDIDO,
20,2011,,,JALISCO,DEGOLLADO,HUASCATO,PRESA LA POLVORA,,,ATENDIDO,
21,2011,,,JALISCO,CABO CORRIENTES,TIZIMIN,TEHUAMIXTLE,,,ATENDIDO,
22,2011,,,JALISCO,LA HUERTA,PERULA,PUNTA PERULA,,,ATENDIDO,
23,2011,,,OAXACA,ZIMATIAN DE ALVAREZ,LA CUMBRE CLAVELLINAS (EL FRESNO!,LA NEVERIA,,,ATENDIDO,
24,2011,,,OAXACA,SAN PEDRO MIXTEPEC -DTO. 22 -,PUERTO ESCONDIDO,BAHIA PRINCIPAL,,,ATENDIDO,
25,2011,,,OAXACA,SAN PEDRO POCHUTLA,PUERTO ANGEL,PUERTO ANGEL,,,ATENDIDO,
26,2011,,,SINALOA,AHOME,TOPOLOBAMPO,TOPOLOBAMPO,,,ATENDIDO,
27,2011,,,SINALOA,ESCUINAPA,ESCUINAPA DE HIDALGO,CERRO DE LAS CABRAS DE ESCUINAPA DE HIDALGO,,,ATENDIDO,
28,2011,,,SINALOA,MAZATLAN,VILLA UNION,VILLA UNION,,,ATENDIDO,
29,2011,,,SINALOA,AHOME,POBLADO NUMERO CINCO,VALLE DEL CARRIZO,,,ATENDIDO,
30,2011,,,SINALOA,MAZATLAN,MEZQUITILLO,COSTERA EN EL VALENTINOS,,,ATENDIDO,
31,2011,,,SINALOA,MAZATLAN,MAZATLAN,LUGAR PUNTILLA,,,ATENDIDO,
32,2011,,,SINALOA,ESCUINAPA,ESCUINAPA DE HIDALGO,PALMILLAS,,,ATENDIDO,
33,2011,,,SINALOA,CULIACAN,LAS ARENITAS,CONCIENCIA,,,ATENDIDO,
34,2011,,,SINALOA,AHOME,TOPOLOBAMPO,BAHIA DE OHUIRA,,,ATENDIDO,
35,2011,,,SONORA,PUERTO PEÑASCO,LA PINTA,AREA ENTRE LA PINTA E ISLA SAN JORGE,,,ATENDIDO,
36,2011,,,SONORA,PUERTO PEÑASCO,PUERTO PEÑASCO,LA PINTA,,,ATENDIDO,
37,2011,,,SONORA,SAN LUIS RIO COLORADO,GOLFO DE SANTA CLARA,"LOS PINOS, AL SUR DEL DESTACAMENTO OE LA ARMADA",,,ATENDIDO,
38,2011,,,TAMAULIPAS,GUERRERO,NUEVA CIUDAD GUERRERO,PRESA FALCON,,,ATENDIDO,
39,2011,,,TAMAULIPAS,CIUDAD MADERO,CIUDAD MADERO,LAGUNA LA ILUSION Y EL CHIFUS,,,ATENDIDO,
40,2011,,,VERACRUZ,TAMIAHUA,TAMIAHUA,LAGUNA DE TAMIAHUA,,,ATENDIDO,
41,2011,,,YUCATAN,CELESTUN,CELESTUN,CELESTUN,,,ATENDIDO,
42,2011,,,YUCATAN,TIZIMIN,EL CUYO,EL CUYO,,,ATENDIDO,
43,2011,,,YUCATAN,PROGRESO,PROGRESO,PROGRESO,,,ATENDIDO,
44,2012,,,AGUASCALIENTES,JESUS MARIA,JESUS MARIA,AELARDO RODRIGUEZ (LA TOMATINA),,,ATENDIDO,
45,2012,,,AGUASCALIENTES,CALVÜLO,LA FRAGUA,PUNTA PRIETA,,,ATENDIDO,
46,2012,,,BAJA CALIFORNIA,ENSENADA,ENSENADA,CENTRO,,,ATENDIDO,
47,2012,,,BAJA CALIFORNIA,ENSENADA,EL ROSARIO DE ARRIBA,PUNTA BAJA,,,ATENDIDO,
48,2012,,,BAJA CALIFORNIA,ENSENADA,ENSENADA,CLOUDSTONE DE MEXICO,,,ATENDIDO,
49,2012,,,BAJA CALIFORNIA,MEXICALI,FAMILIA CARDENAS,SAN FEUPE,,,ATENDIDO,
50,2012,,,BAJA CALIFORNIA,ENSENADA,ENSENADA,MERCADO NEGRO,,,ATENDIDO,
51,2012,,,BAJA CALIFORNIA,ENSENADA,SAN VICENTE,LLANO COLORADO,,,ATENDIDO,
52,2012,,,BAJA CALIFORNIA SUR,COMONDU,PUERTO SAN CARLOS,PUERTO SAN CARLOS,,,ATENDIDO,
53,2012,,,BAJA CALIFORNIA SUR,LA PAZ,LA PAZ,BAHIA DE LA PAZ,,,ATENDIDO,
54,2012,,,BAJA CALIFORNIA SUR,LA PAZ,LA PAZ,ARCHIPIELAGO DE ESPIRITU SANTO,,,ATENDIDO,
55,2012,,,BAJA CALIFORNIA SUR,LOS CABOS,CABO PULMO,CABO PULMO,,,ATENDIDO,
56,2012,,,BAJA CALIFORNIA SUR,LA PAZ,TODOS SANTOS,LAS BOCANAS,,,ATENDIDO,
57,2012,,,BAJA CALIFORNIA SUR,MULEGE,BAHIA ASUNCION,"ISLA ASUNCION, ISLA SAN ROQUE",,,ATENDIDO,
58,2012,,,BAJA CALIFORNIA SUR,LOS CABOS,CABO SAN LUCAS,FRENTE A PUEBLO BONITO SUNSET,,,ATENDIDO,
59,2012,,,BAJA CALIFORNIA SUR,LOS CABOS,CABO SAN LUCAS,"ROCA PARDIDA, REVILLAGIGEDO",,,ATENDIDO,
60,2012,,,CAMPECHE,CAMPECHE,SAN FRANCISCO DE CAMPECHE,GASOUNERA DE LERMA,,,ATENDIDO,
61,2012,,,CAMPECHE,CHAMPOTON,CHAMPOTON,CHAMPOTON,,,ATENDIDO,
62,2012,,,CAMPECHE,CARMEN,CIUDAD DEL CARMEN,MALECON DE LA CIUDAD,,,ATENDIDO,
63,2012,,,CAMPECHE,CARMEN,EL AGUACATAL,RIO CHUMP AN,,,ATENDIDO,
64,2012,,,CAMPECHE,CARMEN,CIUDAD DEL CARMEN,"ARROYO ""LA CALETA""",,,ATENDIDO,
65,2012,,,CAMPECHE,CHAMPOTON,PUNTA XEN,PUNTA XEN,,,ATENDIDO,
66,2012,,,CAMPECHE,CAMPECHE,SAN FRANCISCO DE CAMPECHE,AVENIDA RESURGIMIENTO,,,ATENDIDO,
67,2012,,,CAMPECHE,CAMPECHE,SAN FRANCISCO DE CAMPECHE,CAMPECHE,,,ATENDIDO,
68,2012,,,CAMPECHE,CAMPECHE,SAN FRANCISCO DE CAMPECHE,MUELLE VILLA MADERO,,,ATENDIDO,
69,2012,,,CAMPECHE,CHAMPOTON,CHAMPOTON,CHAMPOTON,,,ATENDIDO,
70,2012,,,CHIAPAS,PALENQUE,PALENQUE,EL LAGO,,,ATENDIDO,
71,2012,,,COLIMA,TECOMAN,TECUANILLO (BALNEARIO TECUANILLO),ESTERO TECUANILLO,,,ATENDIDO,
72,2012,,,COÜMA,TECOMAN,TECUANILLO (BALNEARIO TECUANILLO),TECUANILLO,,,ATENDIDO,
73,2012,,,COLIMA,COLIMA,COLIMA,COLIMA,,,ATENDIDO,
74,2012,,,COLIMA,TECOMAN,TECUANILLO (BALNEARIO TECUANILLO),"RAMADA DEL CHINO, MARIN",,,ATENDIDO,
75,2012,,,COLIMA,MANZANILLO,MANZANILLO,MERCADO DE PESCADORES,,,ATENDIDO,
76,2012,,,COÜMA,MANZANILLO,TEPALCATES,TEPALCATES,,,ATENDIDO,
77,2012,,,COLIMA,MANZANILLO,MANZANILLO,MERCADO DE PESCADORES,,,ATENDIDO,
78,2012,,,DISTRITO FEDERAL,VENUSTIANO CARRANZA,VENUSTIANO CARRANZA,LAGUNA DE COATETELCO,,,ATENDIDO,
79,2012,,,GUANAJUATO,ACAMBARO,IRAMUCO,LAGO DE CUITZEO,,,ATENDIDO,
80,2012,,,GUANAJUATO,YURIRIA,LAGUNA PRIETA,LAGUNA DE YURIRIA,,,ATENDIDO,
81,2012,,,GUANAJUATO,YURIRIA,YURIRIA,LAGUNA DE YURIRIA,,,ATENDIDO,
82,2012,,,GUERRERO,SAN MARCOS,SAN MARCOS,SAN MARCOS,,,ATENDIDO,
83,2012,,,GUERRERO,ACAPULCO DE JUAREZ,ACAPULCO DE JUAREZ,FRENTE FAIRMONT PRINCES AND MAYAN PALCE,,,ATENDIDO,
84,2012,,,GUERRERO,ACAPULCO DE JUAREZ,ACAPULCO DE JUAREZ,MELECON,,,ATENDIDO,
85,2012,,,GUERRERO,ACAPULCO DE JUAREZ,ACAPULCO DE JUAREZ,MALECON,,,ATENDIDO,
86,2012,,,GUERRERO,ACAPULCO DE JUAREZ,ACAPULCO DE JUAREZ,EL MISMO,,,ATENDIDO,
87,2012,,,GUERRERO,ACAPULCO DE JUAREZ,ACAPULCO DE JUAREZ,PLAYA CALETA,,,ATENDIDO,
88,2012,,,HIDALGO,TULANEINGO DE BRAVO,SANTA ANA HUEYTIAIPAN,PRESA DE SANTA ANA,,,ATENDIDO,
89,2012,,,HIDALGO,HUASCA DE OCAMPO,HUASCA DE OCAMPO,"LAGO QUE SE ENCUENTRA EN SANTA MARIA REGLA, JUNTO",,,ATENDIDO,
90,2012,,,JALISCO,TIZAPAN EL ALTO,MISMALOYA,MISM ALOYA,,,ATENDIDO,
91,2012,,,JALISCO,LA HUERTA,PERULA,PUNTA PERULA,,,ATENDIDO,
92,2012,,,JALISCO,LA HUERTA,CHAMELA,PUNTA PERULA,,,ATENDIDO,
93,2012,,,JALISCO,LAGOS DE MORENO,DIECIOCHO DE MANO,LAS TEJAS,,,ATENDIDO,
94,2012,,,JALISCO,DEGOLLADO,LA POLVORA,PRESA LA POLVORA HUASCATO JAL.,,,ATENDIDO,
95,2012,,,JALISCO,ZAPOTLANEJO,CALDERON,PRESA CALDERON,,,ATENDIDO,
96,2012,,,JALISCO,CIHUATLAN,BARRA DE NAVIDAD,DONDE SE PONE EL CIRCO.,,,ATENDIDO,
97,2012,,,JALISCO,TECOLOTLAN,TECOLOTLAN,PRESA EL POCHOTE,,,ATENDIDO,
98,2012,,,MICHOACAN,MUGICA,NUEVA ITALIA DE RULZ,LA PRESA DE FRANCISCO J MUJICA,,,ATENDIDO,
99,2012,,,MICHOACAN,LAZARO CARDENAS,CIUDAD LAZARO CARDENAS,LAZARO CARDENAS,,,ATENDIDO,
100,2012,,,MORELOS,MIACATLAN,COATETEICO,LAGUNA COATETELCO,,,ATENDIDO,
101,2012,,,NAYARIT,SANTA MARIA DEL ORO,SANTA MARIA DEL ORO,PRESA HIDROELECTRICA EL CAJON,,,ATENDIDO,
102,2012,,,NAYARIT,LA YESCA,LA MESA,PUENTE DEL EMBALSE,,,ATENDIDO,
103,2012,,,NAYARIT,TEPIC,COLORADO DE LA MORA,COLORADO DE LA MORA,,,ATENDIDO,
104,2012,,,NAYARIT,BAHIA DE BANDERAS,SAYULITA,RESTAURANTE DON PEDRO,,,ATENDIDO,
105,2012,,,NAYARIT,TUXPAN,TUXPAN,TUXPAN,,,ATENDIDO,
106,2012,,,NAYARIT,TUXPAN,TUXPAN,EN FRENTE DE COPPEL EN EL CENTRO DE LA CIUDAD,,,ATENDIDO,
107,2012,,,NAYARIT,TUXPAN,TUXPAN,CRUCERO DE UNION DE CORRIENTES,,,ATENDIDO,
108,2012,,,NAYARIT,BAHIA DE BANDERAS,LAS JARRETADLAS,DESEMBOCADURA DEL RIO AMECA,,,ATENDIDO,
109,2012,,,OAXACA,SAN PEDRO POCHUTLA,PUERTO ANGEL,EN LA PLAYA,,,ATENDIDO,
110,2012,,,OAXACA,VILLA DE TUTUTEPEC DE MELCHOR OCAMPO,CHACAHUA,LAGUNA,,,ATENDIDO,
111,2012,,,OAXACA,SANTA MARIA HUATULCO,BAHIA DE SANTA CRUZ HUATULCO,DARSENA DE SANTA CRUZ,,,ATENDIDO,
112,2012,,,OAXACA,SAN PEDRO POCHUTLA,PUERTO ANGEL,PUERTO ANGEL,,,ATENDIDO,
113,2012,,,OAXACA,SAN PEDRO TAOANATEOEC,SAN PEDRO TAPANATEPEC,RINCON JUAREZ,,,ATENDIDO,
114,2012,,,QUINTANA ROO,SOLIDARIDAD,PLAYA DEL CARMEN,BAR ZENZI PLAYA DEL CARMEN,,,ATENDIDO,
115,2012,,,QUINTANA ROO,LAZARO CARDENAS,HOLBOX,LAGUNA YALAHAU,,,ATENDIDO,
116,2012,,,QUINTANA ROO,ISLA MUJERES,ISLA MUJERES,"RESTAURANTE ""COKTELERIA MININOS""",,,ATENDIDO,
117,2012,,,QUINTANA ROO,OTHON P. BLANCO,RAUDALES,LAGUNA GUERRERO,,,ATENDIDO,
118,2012,,,QUINTANA ROO,SOLIDARIDAD,PLAYA DEL CARMEN,ARRECIFE PARAISO,,,ATENDIDO,
119,2012,,,SAN LUIS POTOSI,RAYON,LA LUZ,"PRESA DE AMOLADERAS, 0 PRESA DE LA LUZ",,,ATENDIDO,
120,2012,,,SINALOA,NAVOLATO,DAUTILLOS,DAUTILLOS,,,ATENDIDO,
121,2012,,,SINALOA,ESCUINAPA,LOS ANGELES,PLAYA ANGEL,,,ATENDIDO,
122,2012,,,SINALOA,MAZATLAN,MAZATLAN,EL FARO,,,ATENDIDO,
123,2012,,,SINALOA,NAVOLATO,AL TATA,BOCABARRA DE LA TONINA,,,ATENDIDO,
124,2012,,,SINALOA,ESCUINAPA,TEACAPAN,QUESO YPMT,,,ATENDIDO,
125,2012,,,SINALOA,CULIACAN,CULIACAN ROSALES,"DAUTILLOS, YAMETO, NAVOLATO",,,ATENDIDO,
126,2012,,,SINALOA,MAZATLAN,LA ANGOSTURA,LA PUNTILLA,,,ATENDIDO,
127,2012,,,SINALOA,CULIACAN,EJIDO MEZQUITILLO (CHAPATEADO),LAGUNA DE LAS HIGUERAS,,,ATENDIDO,
128,2012,,,SINALOA,ESCUINAPA,TEACAPAN,EL QUESO Y COPERATIVA,,,ATENDIDO,
129,2012,,,SINALOA,CULIACAN,,DIQUE LA PRIMAVERA,,,ATENDIDO,
130,2012,,,SINALOA,ROSARIO,CHAMETLA,LAGUNA DE LAS CABRAS,,,ATENDIDO,
131,2012,,,SINALOA,GUASAVE,EL HUITUSSL,EL HUITUSSI,,,ATENDIDO,
132,2012,,,SINALOA,MAZATLAN,MAZATLAN,"ESCOLLERAS, CRESTON",,,ATENDIDO,
133,2012,,,SINALOA,ANGOSTURA,LA REFORMA,BAHIA SANTA MARIA,,,ATENDIDO,
134,2012,,,SINALOA,ANGOSTURA,LA REFORMA,LA REFORMA,,,ATENDIDO,
135,2012,,,SINALOA,ANGOSTURA,LA REFORMA,LA REFORMA Y DAUTILLOS,,,ATENDIDO,
136,2012,,,SINALOA,ROSARIO,CHAMETLA,LA BOCA DE CHAMETLA,,,ATENDIDO,
137,2012,,,SINALOA,CULIACAN,MEZQUITILLO,LAGUNA LAS HIGUERAS,,,ATENDIDO,
138,2012,,,SINALOA,MAZATLAN,MAZATLAN,MERCADO DE LA JUAREZ,,,ATENDIDO,
139,2012,,,SINALOA,CULIACAN,CULIACAN ROSALES,LA NUEVA VIGA D. F.,,,ATENDIDO,
140,2012,,,SONORA,GUAYMAS,EL ALAMO,BAHIA DE GÜIRA,,,ATENDIDO,
141,2012,,,SONORA,PUERTO PEÑASCO,PUERTO PEÑASCO,ISLA SAN JORGE,,,ATENDIDO,
142,2012,,,SONORA,GUAYMAS,HEROICA GUAYMAS,BAHIA LOBOS,,,ATENDIDO,
143,2012,,,SONORA,GUAYMAS,HEROICA GUAYMAS,MIRAMAR,,,ATENDIDO,
144,2012,,,SONORA,PUERTO PEÑASCO,PUERTO PEÑASCO,"LA PINTA, BAHIA SAN JORGE Y EJIDO 15 DE SEPTIEMBRE",,,ATENDIDO,
145,2012,,,SONORA,SAN IGNACIO RIO MUERTO,SAN IGNACIO RIO MUERTO,SAN IGNACIO RIO MUERTO,,,ATENDIDO,
146,2012,,,SONORA,CABORCA,DESEMBOQUE,DESEMBOQUE,,,ATENDIDO,
147,2012,,,SONORA,HUATABAMPO,LAS BOCAS,PLAYA SUR,,,ATENDIDO,
148,2012,,,SONORA,HUATABAMPO,LAS BOCAS,CASA 144,,,ATENDIDO,
149,2012,,,SONORA,HUATABAMPO,LAS BOCAS,PLAYA SUR LAS BOCAS,,,ATENDIDO,
150,2012,,,SONORA,NAVOJOA,NAVOJOA,LAS BOCAS MUNICIPIO DE HUATABAMPO SONORA,,,ATENDIDO,
151,2012,,,SONORA,CAJEME,QUETCHEHUECA,PLAYA SAN JOSE DE LA ISLA HUIVULAI,,,ATENDIDO,
152,2012,,,SONORA,CABORCA,DESEMBOQUE,HASTA EL JAWUEI,,,ATENDIDO,
153,2012,,,SONORA,CABORCA,EL JAGÜEY,JAGUEYO LA 15,,,ATENDIDO,
154,2012,,,SONORA,HUATABAMPO,YAVAROS (ISLA (AS VIEJAS),PLAYA HUATABAMPITO,,,ATENDIDO,
155,2012,,,SONORA,HUATABAMPO,MORONCARIT,SANTABARBARA,,,ATENDIDO,
156,2012,,,SONORA,CABORCA,HEROICA CABORCA,BAHIA SAN JORGE,,,ATENDIDO,
157,2012,,,SONORA,EMPALME,EMPALME,CRUZ DE PIEDRA,,,ATENDIDO,
158,2012,,,SONORA,HUATABAMPO,CAMAHUIROA,PLAYA,,,ATENDIDO,
159,2012,,,SONORA,PUERTO PEÑASCO,PUERTO PEÑASCO,"LA PINTA, LA CHOYA, BAHIA SN JORGE",,,ATENDIDO,
160,2012,,,SONORA,PUERTO PEÑASCO,SAN JORGE,LA PFNTA,,,ATENDIDO,
161,2012,,,SONORA,PUERTO PEÑASCO,PUERTO PEÑASCO,LA PINTA,,,ATENDIDO,
162,2012,,,SONORA,EMPALME,EMPALME,MUELLES,,,ATENDIDO,
163,2012,,,SONORA,SAN IGNACIO RIO MUERTO,SAN IGNACIO RIO MUERTO,MELAGOS,,,ATENDIDO,
164,2012,,,SONORA,PUERTO PEÑASCO,PUERTO PEÑASCO,TODO PEÑASCO,,,ATENDIDO,
165,2012,,,TAMAULIPAS,VICTORIA,FEMANDO MONSIVAIS HERNANDEZ,PRESA VICENTE GUERRERO,,,ATENDIDO,
166,2012,,,TAMAULIPAS,TAMPICO,TAMPICO,TAMPICO,,,ATENDIDO,
167,2012,,,VERACRUZ,PUEBLO VIEJO,ANAHUAC,SECTOR EL CONCHERO,,,ATENDIDO,
168,2012,,,VERACRUZ,TUXPAN,TUXPAM DE RODRIGUEZ CANO,EN TODO EL RIO TUXPAN,,,ATENDIDO,
169,2012,,,VERACRUZ,PUEBLO VIEJO,CD. CUAUHTEMOC,LAGUNA DE PUEBLO VIEJO,,,ATENDIDO,
170,2012,,,VERACRUZ,PUEBLO VIEJO,CD. CUAUHTEMOC,PUEBLO VIEJO,,,ATENDIDO,
171,2012,,,VERACRUZ,PUEBLO VIEJO,ANAHUAC,EL PUEBLO,,,ATENDIDO,
172,2012,,,VERACRUZ,PUEBLO VIEJO,ANAHUAC,EN LA LAGUNA DE PUEBLO VIEJO,,,ATENDIDO,
173,2012,,,VERACRUZ,COATZACOALCOS,COATZACOALCOS,RIVERA DE NANCHITAL VER.,,,ATENDIDO,
174,2012,,,VERACRUZ,TAMIAHUA,TAMIAHUA,LAGUNA DE TAMIAHUA,,,ATENDIDO,
175,2012,,,YUCATAN,CELESTUN,CELESTUN,CELESTUN,,,ATENDIDO,
176,2012,,,YUCATAN,CELESTUN,CELESTUN,PUERTO DE CELESTUN,,,ATENDIDO,
177,2012,,,YUCATAN,CELESTUN,CELESTUN,PUNTA CAMBALAN,,,ATENDIDO,
178,2012,,,YUCATAN,CELESTUN,CELESTUN,PUERTO DE ABRIGO,,,ATENDIDO,
179,2012,,,YUCATAN,CELESTUN,CELESTUN,PUNTA SAN JOAQUIN,,,ATENDIDO,
180,2012,,,YUCATAN,SAN FELIPE,SAN FELIPE,EN LA LOCALIDAD,,,ATENDIDO,
181,2012,,,YUCATAN,SAN FELIPE,SAN FELIPE,SAN FEUPE,,,ATENDIDO,
182,2012,,,YUCATAN,TIZIMIN,EL CUYO,MUELLE DEL PUERTO,,,ATENDIDO,
183,2012,,,YUCATAN,CELESTUN,CELESTUN,CALLE 10 CERCA DEL CEMENTERIO,,,ATENDIDO,
184,2012,,,YUCATAN,CELESTUN,CELESTUN,AL REDEDORES,,,ATENDIDO,
185,2012,,,YUCATAN,CELESTUN,CELESTUN,A LADO DEL FARO POR LOS COQUITOS,,,ATENDIDO,
186,2012,,,YUCATAN,YOBAIN,CHABIHAU,CHABIHAU,,,ATENDIDO,
187,2012,,,YUCATAN,DZNAM DE BRAVO,DZILAM DE BRAVO,MALECON,,,ATENDIDO,
188,2013,,,AGUASCALIENTES,AGUASCALIENTES,AGUASCALIENTES,PLUTARCO EUAS CALLES,,,ATENDIDO,
189,2013,,,BAJA CALIFORNIA,ENSENADA,RANCHO EL BARRIL,EL BARRIL,,,ATENDIDO,
190,2013,,,BAJA CALIFORNIA,ENSENADA,ENSENADA,MUELLE ENSENADA,,,ATENDIDO,
191,2013,,,BAJA CALIFORNIA,ENSENADA,SAN QUINTIN,ISLA SAN MARTIN,,,ATENDIDO,
192,2013,,,BAJA CALIFORNIA SUR,COMONDU,PUERTO SAN CARLOS,PUERTO SAN CARLOS,,,ATENDIDO,
193,2013,,,BAJA CALIFORNIA SUR,COMONDU,PUERTO SAN CARLOS,BAJO DE CALIFORNIA,,,ATENDIDO,
194,2013,,,BAJA CALIFORNIA SUR,LA PAZ,LA PAZ,CENTENARIO BAY,,,ATENDIDO,
195,2013,,,CAMPECHE,CALKINI,ISLA ARENA,MALECON DE ISLA ARENA,,,ATENDIDO,
196,2013,,,CAMPECHE,CHAMPOTON,CHAMPOTON,"CHAMPOTON, CAMPECHE",,,ATENDIDO,
197,2013,,,CAMPECHE,CAMPECHE,SAN FRANCISCO DE CAMPECHE,TODA LA COSTERA DEL EDO DE CAMPECXHE,,,ATENDIDO,
198,2013,,,CAMPECHE,CAMPECHE,SAN FRANCISCO DE CAMPECHE,RIO VERDE,,,ATENDIDO,
199,2013,,,CAMPECHE,CHAMPOTON,CHAMPOTON,"A ORILLAS DE LA PLAYA,PUNTA XEN, LA JOYA .ETC.",,,ATENDIDO,
200,2013,,,CAMPECHE,CARMEN,CIUDAD DEL CARMEN,LAGUNA DE TERMTMINOS,,,ATENDIDO,
201,2013,,,CAMPECHE,CALKINI,ISLA ARENA,ISLA ARENAS,,,ATENDIDO,
202,2013,,,CHIAPAS,PIJIJIAPAN,PIJIJIAPAN,LAYAS DE PIJIJIAPAN CHIAPAS,,,ATENDIDO,
203,2013,,,CHIHUAHUA,CHIHUAHUA,FRACCIONAMIENTO PRESA CHIHUAHUA,PRESA CHIHUAHUA,,,ATENDIDO,
204,2013,,,CHIHUAHUA,SAUCILLO,LA ROSETILLA,PRESA ROSETILLA,,,ATENDIDO,
205,2013,,,COLIMA,MANZANILLO,MANZANILLO,LITORAL DEL PAS1FICO,,,ATENDIDO,
206,2013,,,COLIMA,MANZANILLO,TEPALCATES,ESCOLLERA DE TEPALCATES,,,ATENDIDO,
207,2013,,,COLIMA,MANZANILLO,MANZANILLO,ESCOLLERA DE TEPALCATES LADO CUYUTLAN,,,ATENDIDO,
208,2013,,,COLIMA,TECOMAN,TECUANILLO (BALNEARIO TECUANILLO),BOCA DEL TECUANILLO,,,ATENDIDO,
209,2013,,,COLIMA,MANZANILLO,MANZANILLO,MANZANILLO,,,ATENDIDO,
210,2013,,,COLIMA,MANZANILLO,UNIVERSIDAD TECNOLOGICA,EL VOLANTIN,,,ATENDIDO,
211,2013,,,COLIMA,COLIMA,COLIMA,COUMA,,,ATENDIDO,
212,2013,,,DISTRITO FEDERAL,COYOACAN,COYOACAN,MARQUESA,,,ATENDIDO,
213,2013,,,GUERRERO,ACAPULCO DE JUAREZ,ACAPULCO DE JUAREZ,MALECON,,,ATENDIDO,
214,2013,,,GUERRERO,ACAPULCO DE JUAREZ,ACAPULCO DE JUAREZ,CALETA,,,ATENDIDO,
215,2013,,,JALISCO,TUXCUECA,EL TEPEGUAJE,TUXCUECA,,,ATENDIDO,
216,2013,,,JALISCO,CIHUATLAN,BARRA DE NAVIDAD,BARRA DE NAVIDAD,,,ATENDIDO,
217,2013,,,JALISCO,TIZAPAN EL ALTO,MISMALOYA,MISMALOYA,,,ATENDIDO,
218,2013,,,JALISCO,TUXCUECA,LA COFRADIA,PURAGUA,,,ATENDIDO,
219,2013,,,JALISCO,CIHUATLAN,SAN PATRICIO (MELAQUE),LAGUNA DE BARRA DE NAVIDAD,,,ATENDIDO,
220,2013,,,JALISCO,CIHUATLAN,BARRA DE NAVIDAD,BARRA DE NAVIDAD Y COUMILLA,,,ATENDIDO,
221,2013,,,JALISCO,TOMATLAN,PRESA CAJON DE PEÑA (LA PRESA),PRESA CAJON DE PEÑAS,,,ATENDIDO,
222,2013,,,JALISCO,LA HUERTA,PERULA,PUNTA PERULA,,,ATENDIDO,
223,2013,,,JALISCO,LA HUERTA,LA MANZANILLA,BARRA DE NAVIDAD,,,ATENDIDO,
224,2013,,,JALISCO,CHAPALA,AJIJIC,VILLA LUCERNA,,,ATENDIDO,
225,2013,,,JALISCO,CHAPALA,AJIJIC,ALSESECA,,,ATENDIDO,
226,2013,,,JALISCO,CHAPALA,AJIJIC,LA CANACINTA,,,ATENDIDO,
227,2013,,,JALISCO,CHAPALA,CHAPALA,EL MALECON,,,ATENDIDO,
228,2013,,,JALISCO,CHAPALA,CHAPALA,EL MALECON,,,ATENDIDO,
229,2013,,,JALISCO,OCOTLAN,OCOTLAN,EL CANAL,,,ATENDIDO,
230,2013,,,JALISCO,OCOTLAN,ORILLA DEL RIO,EL RIO,,,ATENDIDO,
231,2013,,,JALISCO,CIHUATLAN,CIHUATLAN,BOCA DEL COCO,,,ATENDIDO,
232,2013,,,JALISCO,ZAPOPAN,ZAPOPAN,MERCADO DEL MAR,,,ATENDIDO,
233,2013,,,JALISCO,TOMATLAN,PRESA CAJON DE PEÑA (LA PRESA),COOPERATIVA,,,ATENDIDO,
234,2013,,,JALISCO,CHAPALA,CHAPALA,EL SITIO,,,ATENDIDO,
235,2013,,,JALISCO,CHAPALA,SANTA CRUZ DE LA SERIEDAD,LA PEÑITA,,,ATENDIDO,
236,2013,,,JALISCO,TUXCUECA,SAN NICOLAS DE ACUÑA (SAN NICOLAS),EL MALECON,,,ATENDIDO,
237,2013,,,JALISCO,CHAPALA,CHAPALA,PASO DE TORTUGAS,,,ATENDIDO,
238,2013,,,MICHOACAN,MORELIA,UMECUARO,PRESA DE UMECUARO,,,ATENDIDO,
239,2013,,,MICHOACAN,ZLTACUARO,LA PALMA,LA PRESA DEL BOSQUE,,,ATENDIDO,
240,2013,,,NAYARIT,TOPIC,LAS BLANCAS (CARRETONES DE CERRITOS),CORTINA DE LA PRESA,,,ATENDIDO,
241,2013,,,NAYARIT,TECUALA,PASO HONDO,PESCA DEL RINCON,,,ATENDIDO,
242,2013,,,NAYARIT,TECUALA,PASO HONDO,PESCA DEL RINCON,,,ATENDIDO,
243,2013,,,NAYARIT,SAN BLAS,SAN BLAS,KM 5 CARRETERA SALIDA A GPE VICTORIA,,,ATENDIDO,
244,2013,,,OAXACA,SAN PEDRO POCHUTLA,PUERTO ANGEL,PLAYA PRINCIPAL,,,ATENDIDO,
245,2013,,,OAXACA,SAN PEDRO TAOANATEOEC,PESQUERIA PUERTO PALOMA,PUNTA GALLINA A PESQUERIA,,,ATENDIDO,
246,2013,,,OAXACA,SAN FRANCISCO DEL MAR,SAN FRANCISCO VIEJO,PUEBLO VIEJO,,,ATENDIDO,
247,2013,,,OAXACA,SAN PEDRO TAOANATEOEC,PESQUERIA PUERTO PALOMA,PUNTA GALLINA,,,ATENDIDO,
248,2013,,,OAXACA,SAN FRANCISCO DEL MAR,SAN FRANCISCO VIEJO,ESTERO LOS OTATES,,,ATENDIDO,
249,2013,,,OAXACA,SAN PEDRO MIXTEPEC -DTO. 22 -,PUERTO ESCONDIDO,PLAYA PUERTO ANGELITO,,,ATENDIDO,
250,2013,,,OAXACA,SANTA MARIA HUATULCO,TANGOLUNDA,BAHIA TANGOLUNDA,,,ATENDIDO,
251,2013,,,OAXACA,SAN PEDRO MIXTEPEC -DTO. 22 -,SAN PEDRO MIXTEPEC -DTO. 22-,PUERTO ESCONDIDO,,,ATENDIDO,
252,2013,,,QUINTANA ROO,BENITO JUAREZ,CANCUN,TIANGUIS LOS LUNES.FRENTE A BODEGA AURRERA CORALE,,,ATENDIDO,
253,2013,,,QUINTANA ROO,BENITO JUAREZ,CANCUN,PLAYA DEL NIÑO,,,ATENDIDO,
254,2013,,,QUINTANA ROO,ISLA MUJERES,SAC-BAJO,PLAYA TIBURON Y ZONA DE PLAYA,,,ATENDIDO,
255,2013,,,QUINTANA ROO,BENITO JUAREZ,CANCUN,PLAYA DEL NIÑO EN PUERTO JUAREZ,,,ATENDIDO,
256,2013,,,SAN LUIS POTOSI,NUIL,NUIL,SI,,,ATENDIDO,
257,2013,,,SINALOA,AHOME,TOPOLOBAMPO,PAREDONES,,,ATENDIDO,
258,2013,,,SINALOA,MAZATLAN,MAZATLAN,PLAYA NORTE PASEO CLAUSSEN,,,ATENDIDO,
259,2013,,,SINALOA,NAVOLATO,EL CASTILLO,LAS TIJERAS,,,ATENDIDO,
260,2013,,,SINALOA,ESCUINAPA,TEACAPAN,BARRA DE TEACAPAN,,,ATENDIDO,
261,2013,,,SINALOA,ESCUINAPA,LA ESTACADA,EN EL CANAL,,,ATENDIDO,
262,2013,,,SINALOA,MAZATLAN,MAZATLAN,PLAYA NORTE PASEO CLAUSSEN,,,ATENDIDO,
263,2013,,,SINALOA,EL FUERTE,EL FUERTE,"PRESA ""JOSEFA ORTIZ DE DOMINGUEZ "" EL SABINO""",,,ATENDIDO,
264,2013,,,SINALOA,EL FUERTE,EL FUERTE,"PRESA ""JOSEFA ORTIZ DE DOMINGUEZ "" EL SABINO”",,,ATENDIDO,
265,2013,,,SINALOA,ESCUINAPA,TEACAPAN,PLAYA ANGEL,,,ATENDIDO,
266,2013,,,SINALOA,ESCUINAPA,TEACAPAN,QUESO,,,ATENDIDO,
267,2013,,,SINALOA,CULIACAN,CULIACAN ROSALES,COL. INFONAVIT BARRANCOS,,,ATENDIDO,
268,2013,,,SINALOA,ESCUINAPA,TEACAPAN,TEACAPAN,,,ATENDIDO,
269,2013,,,SINALOA,AHOME,BACOREHUIS,BAHIA DE BACOREHUIS,,,ATENDIDO,
270,2013,,,SINALOA,ESCUINAPA,TEACAPAN,PUNTA DE GRANO,,,ATENDIDO,
271,2013,,,SINALOA,ROSARIO,CHA METIA,EL PUYEQUE,,,ATENDIDO,
272,2013,,,SINALOA,MAZATLAN,MAZATLAN,PTA. CAMARON A OLAS ALTAS,,,ATENDIDO,
273,2013,,,SINALOA,NAVOLATO,AL TATA,BAHIA ENSENADA PABELLON,,,ATENDIDO,
274,2013,,,SINALOA,ESCUINAPA,TEACAPAN,BARRAS DE TEACAPAN,,,ATENDIDO,
275,2013,,,SINALOA,CULIACAN,COSPITA,COSPITA CULIACAN SINALOA,,,ATENDIDO,
276,2013,,,SINALOA,NAVOLATO,AL TATA,BAHIA,,,ATENDIDO,
277,2013,,,SINALOA,MAZATLAN,MAZATLAN,ENTRE LAS 10 Y LAS 16 M.N. AL OESTE DE LA MARINA,,,ATENDIDO,
278,2013,,,SINALOA,ESCUINAPA,TEACAPAN,EL QUESO,,,ATENDIDO,
279,2013,,,SINALOA,GUASAVE,EL CARACOL,EL CARACOL,,,ATENDIDO,
280,2013,,,SINALOA,ESCUINAPA,TEACAPAN,ESCUINAPA,,,ATENDIDO,
281,2013,,,SINALOA,MAZATLAN,MAZATLAN,EMBARCADERO ISLA DELA PIEDRA,,,ATENDIDO,
282,2013,,,SINALOA,ESCUINAPA,TEACAPAN,EL QUESOL,,,ATENDIDO,
283,2013,,,SINALOA,ESCUINAPA,TEACAPAN,BARRA DE TEACAPAN-LAGUNA AGUA GRANDE,,,ATENDIDO,
284,2013,,,SONORA,CABORCA,HEROICA CABORCA,DESEMBOQUE,,,ATENDIDO,
285,2013,,,SONORA,GUAYMAS,SAN CAIIOS (SAN CARLOS NUEVO GUAVMASI,LA MANGA,,,ATENDIDO,
286,2013,,,SONORA,SAN IGNACIO RIO MUERTO,SAN IGNACIO RIO MUERTO,LOS MELAGOS,,,ATENDIDO,
287,2013,,,SONORA,SAN IGNACIO RIO MUERTO,BAHIA DE LOBOS,BAHIA DE LOBOS,,,ATENDIDO,
288,2013,,,SONORA,HUATABAMPO,CAMAHUIROA,CAMAHUIROA .,,,ATENDIDO,
289,2013,,,SONORA,HUATABAMPO,CAMAHUIROA,NULO,,,ATENDIDO,
290,2013,,,SONORA,HERMOSILLO,EL COLORADO,"POR LA CALLE ""PRINCIPAL""",,,ATENDIDO,
291,2013,,,SONORA,HERMOSILLO,BAHIA DE KINO,KINO VIEJO,,,ATENDIDO,
292,2013,,,SONORA,HUATABAMPO,AGLABAMPO UNO,MARINA DE AGIABAMPO,,,ATENDIDO,
293,2013,,,SONORA,SAN IGNACIO RIO MUERTO,BAHIA DE LOBOS,BAHIA DE LOBOS Y PLAYA LOS MELAGOS,,,ATENDIDO,
294,2013,,,SONORA,EMPALME,EMPALME,BELLAVISTA-EMPALME,,,ATENDIDO,
295,2013,,,SONORA,HERMOSILLO,BAHIA DE KINO,KINO VIEJO,,,ATENDIDO,
296,2013,,,SONORA,HUATABAMPO,HUATABAMPO,REGION DE HUATABAMPO,,,ATENDIDO,
297,2013,,,SONORA,SAN LUIS RIO COLORADO,GOLFO DE SANTA CLARA,"EL GOLFO DE STA, CLARA. SON.",,,ATENDIDO,
298,2013,,,SONORA,ETCHOJOA,TOBARI,BAHF A TOBARI,,,ATENDIDO,
299,2013,,,SONORA,NAVOJOA,AGLABAMPO,BAHIA DE AGIABAMPO,,,ATENDIDO,
300,2013,,,TABASCO,MACUSPANA,SANTOS DEGOLLADO 2A. SECCION,EL ARRASTRADERO,,,ATENDIDO,
301,2013,,,TABASCO,TENOSIQUE,EL ROBLAR,LAGUNA DEL EJIDO ROBLAR,,,ATENDIDO,
302,2013,,,VERACRUZ,VERACRUZ,VERACRUZ,MURO DE PESCADORES.ASTA BANDERA,,,ATENDIDO,
303,2013,,,VERACRUZ,YECUATFA,LA VICTORIA,LA VICTORIA,,,ATENDIDO,
304,2013,,,VERACRUZ,TECOLUTLA,LA GUADALUPE,RIACHUELOS,,,ATENDIDO,
305,2013,,,VERACRUZ,TECOLUTLA,LA GUADALUPE,RIACHUELOS,,,ATENDIDO,
306,2013,,,VERACRUZ,GUTIERREZ ZAMORA,GUTIERREZ ZAMORA,GUTIERREZ ZAMORA,,,ATENDIDO,
307,2013,,,VERACRUZ,TECOLUTLA,LAZARO CARDENAS (RIACHUELOS),RIACHUELOS,,,ATENDIDO,
308,2013,,,VERACRUZ,TECOLUTLA,TECOLUTLA,RIACHUELOS,,,ATENDIDO,
309,2013,,,VERACRUZ,ALVARADO,LAS BARRANCAS,ENTRE PLAYA ZAPOTE Y BARRANCAS,,,ATENDIDO,
310,2013,,,VERACRUZ,BOCA DEL RIO,BOCA DEL RIO,BOCANA DE BOCA DEL RIO,,,ATENDIDO,
311,2013,,,VERACRUZ,ALVARADO,LA MATOZA (ACAPOFQUITO),LOS CAÑOS,,,ATENDIDO,
312,2013,,,VERACRUZ,BOCA DEL RIO,BOCA DEL RIO,ESCOLLERA VICENTE FOX,,,ATENDIDO,
313,2013,,,VERACRUZ,MINAUTIAN,MINATITIAN,ESSCOLLERAS DE COATZACOALCOS,,,ATENDIDO,
314,2013,,,VERACRUZ,CATEMACO,SONTECOMAPAN,SAN ANDRES TUXTLA,,,ATENDIDO,
315,2013,,,VERACRUZ,PUEBLO VIEJO,ANAHUAC,ANAHUAT,,,ATENDIDO,
316,2013,,,VERACRUZ,PUEBLO VIEJO,CD. CUAUHTEMOC,LAGUNA DE TAMIAHUA,,,ATENDIDO,
317,2013,,,YUCATAN,CELESTUN,CELESTUN,FRENTE LAS COSTAS DE CELESTUN,,,ATENDIDO,
318,2013,,,YUCATAN,TIZIMIN,TIZIMIN,CONOCIDO,,,ATENDIDO,
319,2013,,,YUCATAN,PROGRESO,PROGRESO,PUERTO DE ABRIGO,,,ATENDIDO,
320,2013,,,YUCATAN,CELESTUN,CELESTUN,CASA BLANCA DE CELESTUN,,,ATENDIDO,
321,2013,,,YUCATAN,PROGRESO,PROGRESO,BODEGAS DE EMPRESARIOS CONOCIDOS,,,ATENDIDO,
322,2013,,,YUCATAN,PROGRESO,PROGRESO,ARRECIFE ALACRANES,,,ATENDIDO,
323,2013,,,YUCATAN,HUNUCMA,SISAL,LA BOCANA,,,ATENDIDO,
324,2013,,,YUCATAN,CELESTUN,CELESTUN,CELESTUN,,,ATENDIDO,
325,2013,,,YUCATAN,CELESTUN,CELESTUN,MANGLARES DE LA ENTRADA DEL RIO,,,ATENDIDO,
326,2013,,,YUCATAN,CELESTUN,CELESTUN,PUERTO DE ABRIGO,,,ATENDIDO,
327,2013,,,YUCATAN,MERIDA,MERIDA,TIENDA,,,ATENDIDO,
328,2013,,,YUCATAN,CELESTUN,CELESTUN,BARRIO JOBONCHE,,,ATENDIDO,
329,2014,28140001,2014-01-09,TAMAULIPAS,ALTAMIRA,PUERTO INDUSTRIAL ALTAMIRA (API),CANAL DE NAVEGACION,CAPTURA ILEGAL,EMBARCACION MENOR,ATENDIDO,ROBALO
330,2014,3140002,2014-01-10,BAJA CALIFORNIA SUR,LOS CABOS,MIGRIÑO,MIGRIÑO,CAPTURA ILEGAL,METODO DE PESCA,ATENDIDO,
331,2014,30140003,2014-01-10,VERACRUZ,COATZACOALCOS,COATZACOALCOS,ESCOLLERAS,CAPTURA ILEGAL,METODO DE PESCA,ATENDIDO,
332,2014,24140004,2014-01-10,SAN LUIS POTOSI,RAYON,LA LUZ,PRESA AMOLADERAS,COMERCIALIZACION ILEGAL,METODO DE PESCA,ATENDIDO,LOBINA
333,2014,3140005,2014-01-10,BAJA CALIFORNIA SUR,LOS CABOS,SAN JOSE DEL CABO,MIGRIÑO,CAPTURA ILEGAL,OTROS,ATENDIDO,SIERRA
334,2014,19140006,2014-01-11,NUEVO LEON,CHINA,LA PRESA,LA PLAYITA,CAPTURA ILEGAL,EMBARCACION MENOR,ATENDIDO,
335,2014,1140007,2014-01-11,AGUASCALIENTES,AGUASCALIENTES,AGUASCALIENTES,MCGOURMET,COMERCIALIZACION ILEGAL,OTROS,ATENDIDO,GUACHINANGO
336,2014,4140008,2014-01-14,CAMPECHE,CARMEN,CIUDAD DEL CARMEN,PLAYAS EN GENERAL,CAPTURA ILEGAL,METODO DE PESCA,ATENDIDO,ROBALO
337,2014,18140009,2014-01-15,NAYARIT,BAHIA DE BANDERAS,LAS JARRETADERAS,NUEVO VALLARTA,COMERCIALIZACION ILEGAL,EMBARCACION MAYOR,ATENDIDO,ATUN
338,2014,16140010,2014-01-16,MICHOACAN,LAZARO CARDENAS,LA PLAYA DE CALETA,BAHIA DE CALETA DE CAMPOS,CAPTURA ILEGAL,EMBARCACION MAYOR,ATENDIDO,CAMARON
339,2014,25140011,2014-01-17,SINALOA,ELOTA,CEUTA,PLAYA CEUTA A BOCA COSPITA,OTROS,ARTE DE PESCA,ATENDIDO,DORADO
340,2014,25140012,2014-01-17,SINALOA,NAVOLATO,AL TATA,BAHIA ALTATA Y PABELLON,CAPTURA ILEGAL,EMBARCACION MENOR,ATENDIDO,CAMARON
341,2014,18140013,2014-01-19,NAYARIT,SAN BLAS,SAN BLAS,BAHIA DE MATANCHEN,CAPTURA ILEGAL,EMBARCACION MAYOR,ATENDIDO,CAMARON
342,2014,28140014,2014-01-21,TAMAULIPAS,ALTAMIRA,ALTAMIRA,RIO TAMESI,CAPTURA ILEGAL,ARTE DE PESCA,ATENDIDO,ROBALO
343,2014,28140015,2014-01-21,TAMAULIPAS,ALTAMIRA,LA PIMIENTA,LA PIMIENTA,OTROS,METODO DE PESCA,ATENDIDO,ROBALO
344,2014,14140016,2014-01-24,JALISCO,TOMATLAN,PRESA CAJON DE PEÑA (LA PRESA),LA PRESA,CAPTURA ILEGAL,EMBARCACION MENOR,ATENDIDO,LOBINA
345,2014,13140017,2014-01-30,HIDALGO,ZIMAPAN,YETHAY,PRESA FERNANDO HIRIART BALDERRAMA,CAPTURA ILEGAL,EMBARCACION MENOR,ATENDIDO,LOBINA
346,2014,18140018,2014-02-04,NAYARIT,SAN BLAS,SAN BLAS,BAHIA DE MATANCHEN,OTROS,EMBARCACION MAYOR,ATENDIDO,CAMARON
347,2014,25140019,2014-02-04,SINALOA,AHOME,JITZAMURI,JITZAMURI,CAPTURA ILEGAL,METODO DE PESCA,ATENDIDO,JAIBA
348,2014,30140020,2014-02-05,VERACRUZ,OZULUAMA DE MASCAREÑAS,LA LAJA,LAGUNA DE TAMIAHUA,CAPTURA ILEGAL,ARTE DE PESCA,ATENDIDO,CAMARON
349,2014,26140021,2014-02-10,SONORA,PUERTO PEÑASCO,BAHIA DE SAN JORGE,COSTA DE PUERTO PEÑASCO Y EL DESEMBOQUE DE CAB,CAPTURA ILEGAL,EMBARCACION MAYOR,ATENDIDO,SARDINA
350,2014,7140022,2014-02-15,CHIAPAS,PIJIJIAPAN,LAS CUACHES,ISLA MORELO,POSESION ILEGAL,OTROS,ATENDIDO,
351,2014,2140023,2014-02-16,BAJA CALIFORNIA,ENSENADA,SANTO DOMINGO,VILLA JESUS MARIA BAJA CALIFORNIA,CAPTURA ILEGAL,OTROS,ATENDIDO,ALMEJA
352,2014,3140024,2014-02-19,BAJA CALIFORNIA SUR,COMONDU,PUERTO SAN CARLOS,BAHIAS MAGDALENA Y ALMEJASS,CAPTURA ILEGAL,EMBARCACION MAYOR,ATENDIDO,SARDINA
353,2014,4140025,2014-02-21,CAMPECHE,CAMPECHE,SAN FRANCISCO DE CAMPECHE,COSTAS DE CAMPECHE,CAPTURA ILEGAL,EMBARCACION MENOR,ATENDIDO,PEPINO DE MA
354,2014,4140026,2014-02-21,CAMPECHE,CAMPECHE,SAN FRANCISCO DE CAMPECHE,SAN ROMAN,CAPTURA ILEGAL,EMBARCACION MENOR,ATENDIDO,PEPINO DE MA
355,2014,25140027,2014-02-21,SINALOA,MAZATLAN,MAZATLAN,ESCOLLERA DE ENTRADA AL PUERTO.,CAPTURA ILEGAL,ARTE DE PESCA,ATENDIDO,LISA
356,2014,26140028,2014-03-05,SONORA,GUAYMAS,HEROICA GUAYMAS,COLONIA SAN VICENTE,CAPTURA ILEGAL,EMBARCACION MAYOR,ATENDIDO,SARDINA
357,2014,23140029,2014-03-06,QUINTANA ROO,ISLA MUJERES,ISLA MUJERES,PATRIAYPROGRESO,COMERCIALIZACION ILEGAL,METODO DE PESCA,ATENDIDO,TIBURON
358,2014,23140030,2014-03-06,QUINTANA ROO,ISLA MUJERES,ISLA MUJERES,PATRIAYPROGRESO,CAPTURA ILEGAL,ARTE DE PESCA,ATENDIDO,TIBURON
359,2014,26140031,2014-03-07,SONORA,CAJEME,PRESA ALVARO OBREGON,EMBALSE OUIACHIC U OVIACHIC,COMERCIALIZACION ILEGAL,EMBARCACION MENOR,ATENDIDO,CARPA
360,2014,11140032,2014-03-07,GUANAJUATO,YURIRIA,YURIRIA,LAGUNA DE YURIRIA,CAPTURA ILEGAL,ARTE DE PESCA,ATENDIDO,CHARAL
361,2014,27140033,2014-03-09,TABASCO,CENTLA,BARRA DE SAN PEDRO,EL COMETA,CAPTURA ILEGAL,ARTE DE PESCA,ATENDIDO,ROBALO
362,2014,28140034,2014-03-10,TAMAULIPAS,ALTAMIRA,LA PEDRERA,CAÑON,CAPTURA ILEGAL,METODO DE PESCA,ATENDIDO,MOJARRA
363,2014,25140035,2014-03-11,SINALOA,GUASAVE,GUASAVE,CREO QUE ES TOPOLOBAMPO,OTROS,ARTE DE PESCA,ATENDIDO,
364,2014,14140036,2014-03-14,JALISCO,LA HUERTA,CHAMELA,PUNTA PERULA,CAPTURA ILEGAL,ARTE DE PESCA,ATENDIDO,GUACHINANGO
365,2014,23140037,2014-03-17,QUINTANA ROO,ISLA MUJERES,ISLA MUJERES,YALOCONOSEN,OTROS,OTROS,ATENDIDO,TIBURON
366,2014,14140038,2014-03-18,JALISCO,CHAPALA,CHAPALA,LA ESTACION,CAPTURA ILEGAL,OTROS,ATENDIDO,BAGRE
367,2014,25140039,2014-03-19,SINALOA,ROSARIO,CHAMETLA,"BAHIA DE LA BARRA, DESEMBOCADURA RIO BALUARTE",CAPTURA ILEGAL,EMBARCACION MENOR,ATENDIDO,OSTION
368,2014,25140040,2014-03-21,SINALOA,ROSARIO,CHAMETLA,DESEMBOCADURA RIO BALUARTE,CAPTURA ILEGAL,METODO DE PESCA,ATENDIDO,OSTION
369,2014,7140041,2014-03-22,CHIAPAS,LA LIBERTAD,LA LIBERTAD,LA LIBERTAD CHIAPAS,CAPTURA ILEGAL,METODO DE PESCA,ATENDIDO,ROBALO
370,2014,7140042,2014-03-22,CHIAPAS,LA LIBERTAD,LA LIBERTAD,LA LIBERTAD CHIAPAS,CAPTURA ILEGAL,METODO DE PESCA,ATENDIDO,ROBALO
371,2014,20140043,2014-03-24,OAXACA,SAN FRANCISCO DEL MAR,SAN FRANCISCO VIEJO,ESTERO LOS OTATES,CAPTURA ILEGAL,ARTE DE PESCA,ATENDIDO,CAMARON
372,2014,20140044,2014-03-26,OAXACA,SAN FRANCISCO DEL MAR,SAN FRANCISCO VIEJO,ESTERO LOS OTATES,CAPTURA ILEGAL,ARTE DE PESCA,ATENDIDO,CAMARON
373,2014,27140045,2014-03-26,TABASCO,BALANCAN,LAGUNA COLORADA,EL LECHUGAL,CAPTURA ILEGAL,EMBARCACION MENOR,ATENDIDO,MOJARRA
374,2014,16140046,2014-03-26,MICHOACAN,LAZARO CARDENAS,CIUDAD LAZARO CARDENAS,FEDERACION DE LAARO CARDENAS,CAPTURA ILEGAL,METODO DE PESCA,ATENDIDO,PEZ VELA
375,2014,25140047,2014-04-02,SINALOA,ROSARIO,CHAMETLA,BARRA DE CHAMETLA,CAPTURA ILEGAL,EMBARCACION MENOR,ATENDIDO,OSTION
376,2014,18140048,2014-04-03,NAYARIT,BAHIA DE BANDERAS,NUEVO VALLARTA,NVO VALLARTA,CAPTURA ILEGAL,EMBARCACION MAYOR,ATENDIDO,ATUN
377,2014,4140049,2014-04-04,CAMPECHE,CARMEN,EL AGUACATAL,RIO CHUMPAN,CAPTURA ILEGAL,ARTE DE PESCA,ATENDIDO,OTRAS
378,2014,4140050,2014-04-08,CAMPECHE,CAMPECHE,SAN FRANCISCO DE CAMPECHE,AVENIDA RESURGIMIENTO,CAPTURA ILEGAL,EMBARCACION MENOR,ATENDIDO,PEPINO DE MA
379,2014,7140051,2014-04-12,CHIAPAS,TONALA,MANUEL AVILA CAMACHO (PONTE DURO),PAMPA BUENA VISTA,CAPTURA ILEGAL,ARTE DE PESCA,ATENDIDO,BAGRE
380,2014,7140052,2014-04-12,CHIAPAS,TONALA,MANUEL AVILA CAMACHO (PONTE DURO),PAMPA BUENA VISTA,CAPTURA ILEGAL,ARTE DE PESCA,ATENDIDO,BAGRE
381,2014,7140053,2014-04-12,CHIAPAS,TONALA,MANUEL AVILA CAMACHO (PONTE DURO),PAMPA BUENA VISTA,CAPTURA ILEGAL,ARTE DE PESCA,ATENDIDO,BAGRE
382,2014,7140054,2014-04-12,CHIAPAS,TONALA,MANUEL AVILA CAMACHO (PONTE DURO),PAMPA BUENA VISTA,CAPTURA ILEGAL,ARTE DE PESCA,ATENDIDO,BAGRE
383,2014,3140055,2014-04-16,BAJA CALIFORNIA SUR,COMONDU,PUERTO SAN CARLOS,BAHIA MAGDALENA,OTROS,EMBARCACION MAYOR,ATENDIDO,SARDINA
384,2014,14140056,2014-04-16,JALISCO,OCOTLAN,OCOTLAN,FILETEADORAS,OTROS,OTROS,ATENDIDO,OTRAS
385,2014,3140057,2014-04-16,BAJA CALIFORNIA SUR,COMONDU,PUERTO ADOLFO LOPEZ MATEOS,GOLFO DE ULLOA,CAPTURA ILEGAL,EMBARCACION MAYOR,ATENDIDO,SARDINA
386,2014,2140058,2014-04-22,BAJA CALIFORNIA,ENSENADA,ENSENADA,ESTERO SAN JOSE,CAPTURA ILEGAL,ARTE DE PESCA,ATENDIDO,ALMEJA
387,2014,4140059,2014-04-22,CAMPECHE,CALKINI,ISLA ARENA,ISLA ARENA,CAPTURA ILEGAL,EMBARCACION MENOR,ATENDIDO,PEPINO DE MA
388,2014,2140060,2014-04-22,BAJA CALIFORNIA,MEXICALI,SAN FELIPE,SAN FELIPE,CAPTURA ILEGAL,EMBARCACION MENOR,ATENDIDO,OTRAS
389,2014,7140061,2014-04-23,CHIAPAS,LA LIBERTAD,LA LIBERTAD,LA LIBERTAD CHIAPAS,CAPTURA ILEGAL,METODO DE PESCA,ATENDIDO,ROBALO
390,2014,4140062,2014-04-25,CAMPECHE,CALKINI,ISLA ARENA,ISLA ARENA,CAPTURA ILEGAL,EMBARCACION MENOR,ATENDIDO,PEPINO DE MA
391,2014,18140063,2014-04-25,NAYARIT,TECUALA,NOVILLERO,PESCA DEL RINCON,CAPTURA ILEGAL,EMBARCACION MENOR,ATENDIDO,CAMARON
392,2014,6140064,2014-04-26,COLIMA,MANZANILLO,MANZANILLO,MERCADO DE PESCADORES,CAPTURA ILEGAL,ARTE DE PESCA,ATENDIDO,PEZ VELA
393,2014,6140065,2014-04-26,COLIMA,MANZANILLO,MANZANILLO,PLAYON MUELLE DE USOS MULTIPLES,COMERCIALIZACION ILEGAL,EMBARCACION MENOR,ATENDIDO,PEZ VELA
394,2014,6140066,2014-04-28,COLIMA,MANZANILLO,MANZANILLO,MUELLE DE PESCADORES,CAPTURA ILEGAL,EMBARCACION MENOR,ATENDIDO,PEZ VELA
395,2014,26140067,2014-04-28,SONORA,HUATABAMPO,LAS BOCAS,LAS BOCAS,COMERCIALIZACION ILEGAL,VEHICULO,ATENDIDO,CAMARON
396,2014,26140068,2014-04-28,SONORA,HUATABAMPO,LAS BOCAS,LAS BOCAS,COMERCIALIZACION ILEGAL,VEHICULO,ATENDIDO,CAMARON
397,2014,3140069,2014-04-29,BAJA CALIFORNIA SUR,COMONDU,PUERTO SAN CARLOS,FRENTE A LAS SALINITAS,CAPTURA ILEGAL,EMBARCACION MENOR,ATENDIDO,CAMARON
398,2014,14140070,2014-04-30,JALISCO,GUADALAJARA,GUADALAJARA,PRESA VISTA HERMOSA.,OTROS,OTROS,ATENDIDO,LOBINA
399,2014,25140071,2014-04-30,SINALOA,ESCUINAPA,TEACAPAN,QUESO,TRANSPORTACION ILEGAL,VEHICULO,ATENDIDO,CAZON
400,2014,25140072,2014-05-02,SINALOA,ESCUINAPA,ESCUINAPA DE HIDALGO,LA GUANERA,OTROS,OTROS,ATENDIDO,CAMARON
401,2014,25140073,2014-05-02,SINALOA,ESCUINAPA,ESCUINAPA DE HIDALGO,LA GUANERA,OTROS,OTROS,ATENDIDO,CAMARON
402,2014,3140074,2014-05-03,BAJA CALIFORNIA SUR,COMONDU,PUERTO SAN CARLOS,PUNTA BANDERITAS,CAPTURA ILEGAL,EMBARCACION MENOR,ATENDIDO,JAIBA
403,2014,26140075,2014-05-07,SONORA,CABORCA,PUERTO LOBOS,"PUERTO LOBOS, DESEMBOQUE, STO TOMAS",CAPTURA ILEGAL,EMBARCACION MENOR,ATENDIDO,CAMARON
404,2014,30140076,2014-05-09,VERACRUZ,TECOLUTLA,LA GUADALUPE,RIACHUELOS,CAPTURA ILEGAL,EMBARCACION MENOR,ATENDIDO,OTRAS
405,2014,2140077,2014-05-09,BAJA CALIFORNIA,ENSENADA,ENSENADA,LAGUNA MANUELA Y ESTERO SAN JOSE,CAPTURA ILEGAL,EMBARCACION MENOR,ATENDIDO,ALMEJA
406,2014,30140078,2014-05-10,VERACRUZ,TECOLUTLA,TECOLUTLA,RIACHUELOS,CAPTURA ILEGAL,METODO DE PESCA,ATENDIDO,OTRAS
407,2014,4140079,2014-05-14,CAMPECHE,CAMPECHE,LERMA,REFUIO PESQUERO DE KILA LERMA,COMERCIALIZACION ILEGAL,VEHICULO,ATENDIDO,PULPO
408,2014,4140080,2014-05-16,CAMPECHE,CAMPECHE,LERMA,REFUGIO PESQUERO DE KILA LERMA,POSESION ILEGAL,OTROS,ATENDIDO,PULPO
409,2014,31140081,2014-05-20,YUCATAN,CELESTUN,CELESTUN,CELESTUN,CAPTURA ILEGAL,ARTE DE PESCA,ATENDIDO,CAZON
410,2014,31140082,2014-05-20,YUCATAN,CELESTUN,CELESTUN,CELESTUN,CAPTURA ILEGAL,ARTE DE PESCA,ATENDIDO,CAZON
411,2014,26140083,2014-05-21,SONORA,SAN IGNACIO RIO MUERTO,BAHIA DE LOBOS,PLAYA SANTA,CAPTURA ILEGAL,EMBARCACION MENOR,ATENDIDO,TIBURON
412,2014,26140084,2014-05-21,SONORA,SAN IGNACIO RIO MUERTO,BAHIA DE LOBOS,BOCA SUR,TRANSPORTACION ILEGAL,VEHICULO,ATENDIDO,DORADO
413,2014,2140085,2014-05-22,BAJA CALIFORNIA,ENSENADA,SAN QUINTIN,ISLA DE SAN MARTIN,CAPTURA ILEGAL,ARTE DE PESCA,ATENDIDO,OTRAS
414,2014,14140086,2014-05-27,JALISCO,JILOTLAN DE LOS DOLORES,RANCHO VIEJO,MARGEN DE LA PRESA,CAPTURA ILEGAL,ARTE DE PESCA,ATENDIDO,MOJARRA
415,2014,14140087,2014-05-27,JALISCO,JILOTLAN DE LOS DOLORES,PRESA CONSTITUCION DE APATZINGAN (LA PRESA),EL RANCHITO,COMERCIALIZACION ILEGAL,VEHICULO,ATENDIDO,MOJARRA
416,2014,25140088,2014-05-27,SINALOA,AHOME,LOS MOCHIS,EL ELEFANTE Y EL FARALLON,CAPTURA ILEGAL,EMBARCACION MENOR,ATENDIDO,DORADO
417,2014,13140089,2014-05-27,HIDALGO,TEPEJI DEL RIO DE OCAMPO,TEPEJI DE OCAMPO,PRESA REQUENA,CAPTURA ILEGAL,ARTE DE PESCA,ATENDIDO,OTRAS
418,2014,15140090,2014-05-27,MEXICO,TEPOTZOTLAN,TEPOTZOTLAN,PRESA LA CONCEPCION,CAPTURA ILEGAL,ARTE DE PESCA,ATENDIDO,OTRAS
419,2014,14140091,2014-05-29,JALISCO,CHAPALA,SANTA CRUZ DE LA SOLEDAD,EL ACUEDUCTO,CAPTURA ILEGAL,ARTE DE PESCA,ATENDIDO,MOJARRA
420,2014,14140092,2014-05-29,JALISCO,CHAPALA,LA CRISTINA,LA CRISTINA,CAPTURA ILEGAL,ARTE DE PESCA,ATENDIDO,MOJARRA
421,2014,3140093,2014-05-30,BAJA CALIFORNIA SUR,LA PAZ,EL SARGENTO,BAHIA DE LA VENTANA,CAPTURA ILEGAL,OTROS,ATENDIDO,PARGO
422,2014,26140094,2014-06-04,SONORA,EMPALME,CRUZ DE PIEDRA,PARQUE ACUICOLAQ CRUZ DE PIEDRA,CAPTURA ILEGAL,ARTE DE PESCA,ATENDIDO,CAMARON
423,2014,14140095,2014-06-05,JALISCO,,,RIVERAS DEL PILAR,CAPTURA ILEGAL,ARTE DE PESCA,ATENDIDO,MOJARRA
424,2014,30140096,2014-06-06,VERACRUZ,TAMIAHUA,LA REFORMA,LA REFORMA,COMERCIALIZACION ILEGAL,METODO DE PESCA,ATENDIDO,CAMARON
425,2014,27140097,2014-06-09,TABASCO,JONUTA,JONUTA,RANCHERIA EL ZAPOTAL,CAPTURA ILEGAL,ARTE DE PESCA,ATENDIDO,MOJARRA
426,2014,25140098,2014-06-16,SINALOA,MAZATLAN,EL WALAMO,COMO EL OSTIAL,CAPTURA ILEGAL,OTROS,ATENDIDO,CAMARON
427,2014,10140099,2014-06-19,DURANGO,NOMBRE DE DIOS,NOMBRE DE DIOS,PRESA CONTALPA,CAPTURA ILEGAL,OTROS,ATENDIDO,OTRAS
428,2014,6140100,2014-06-20,COLIMA,MANZANILLO,MANZANILLO,ESCOLLERA DE LAS BRISAS.,CAPTURA ILEGAL,EMBARCACION MENOR,ATENDIDO,SARDINA
429,2014,26140101,2014-06-21,SONORA,EMPALME,EMPALME,PLAYA DEL COCHORIT,CAPTURA ILEGAL,EMBARCACION MENOR,ATENDIDO,JAIBA
430,2014,26140102,2014-06-24,SONORA,EMPALME,EMPALME,BELLA VISTA,CAPTURA ILEGAL,EMBARCACION MENOR,ATENDIDO,CAMARON
431,2014,4140103,2014-06-24,CAMPECHE,CAMPECHE,PUEBLO NUEVO,SEYBA,CAPTURA ILEGAL,VEHICULO,ATENDIDO,PULPO
432,2014,18140104,2014-06-30,NAYARIT,TEPIC,EMBARCADERO DE LA CORTINA,LA CORTINA DE LA PRESA AGUAMILPA,CAPTURA ILEGAL,VEHICULO,ATENDIDO,MOJARRA
433,2014,25140105,2014-06-30,SINALOA,ROSARIO,POTRERO DE LOS LAURELES,RIO BALUARTE- POTRERO DE LOS LAURELES.,CAPTURA ILEGAL,ARTE DE PESCA,ATENDIDO,LANGOSTINO
434,2014,30140106,2014-07-02,VERACRUZ,COATZACOALCOS,COATZACOALCOS,COATZACOALCOS VERACRUZ,CAPTURA ILEGAL,ARTE DE PESCA,ATENDIDO,ROBALO
435,2014,11140107,2014-07-03,GUANAJUATO,ACAMBARO,IRAMUCO,LAGO DE CUITZEO,CAPTURA ILEGAL,EMBARCACION MENOR,ATENDIDO,MOJARRA
436,2014,14140108,2014-07-04,JALISCO,CABO CORRIENTES,LOS CORRALES,CUCHARAS,CAPTURA ILEGAL,EMBARCACION MENOR,ATENDIDO,GUACHINANGO
437,2014,25140109,2014-07-08,SINALOA,,,TEACAPAN,CAPTURA ILEGAL,METODO DE PESCA,ATENDIDO,CAMARON
438,2014,25140110,2014-07-08,SINALOA,CULIACAN,COSPITA,COSPITA,CAPTURA ILEGAL,ARTE DE PESCA,ATENDIDO,CAMARON
439,2014,26140111,2014-07-08,SONORA,GUAYMAS,HEROICA GUAYMAS,GUAYMAS,OTROS,ARTE DE PESCA,ATENDIDO,JAIBA
440,2014,18140112,2014-07-09,NAYARIT,ACAPONETA,SAN MIGUEL,ALFREDO B. BONFIL Y JALISCO,CAPTURA ILEGAL,ARTE DE PESCA,ATENDIDO,MOJARRA
441,2014,26140113,2014-07-10,SONORA,HUATABAMPO,MELCHOR OCAMPO,LA ESCOLLERA,CAPTURA ILEGAL,EMBARCACION MENOR,ATENDIDO,
442,2014,12140114,2014-07-14,GUERRERO,TECPAN DE GALEANA,PUERTO VICENTE GUERRERO,PUERTO VICENTE GUERRERO,CAPTURA ILEGAL,ARTE DE PESCA,ATENDIDO,OSTION
443,2014,4140115,2014-07-21,CAMPECHE,CAMPECHE,SAN FRANCISCO DE CAMPECHE,"XPICOB, CAMPECHE",OTROS,EMBARCACION MENOR,ATENDIDO,PULPO
444,2014,4140116,2014-07-21,CAMPECHE,CAMPECHE,SAN FRANCISCO DE CAMPECHE,"XPICOB, CAMPECHE",OTROS,EMBARCACION MENOR,ATENDIDO,PULPO
445,2014,25140117,2014-07-21,SINALOA,MAZATLAN,MAZATLAN,PRESA PICACHOS,CAPTURA ILEGAL,VEHICULO,ATENDIDO,
446,2014,25140118,2014-07-21,SINALOA,MAZATLAN,LA GRANJA,LAS IGUANAS,CAPTURA ILEGAL,VEHICULO,ATENDIDO,OTRAS
447,2014,25140119,2014-07-21,SINALOA,MAZATLAN,CASAS VIEJAS,CASA VIEJAS,CAPTURA ILEGAL,OTROS,ATENDIDO,OTRAS
448,2014,25140120,2014-07-21,SINALOA,MAZATLAN,PUERTA DE SAN MARCOS,PUERTA DE SAN MARCOS,CAPTURA ILEGAL,OTROS,ATENDIDO,OTRAS
449,2014,25140121,2014-07-21,SINALOA,MAZATLAN,PUERTA DE SAN MARCOS,LA PUERTA,CAPTURA ILEGAL,VEHICULO,ATENDIDO,OTRAS
450,2014,25140122,2014-07-21,SINALOA,MAZATLAN,PUERTA DE SAN MARCOS,LA PUERTA,CAPTURA ILEGAL,OTROS,ATENDIDO,OTRAS
451,2014,25140123,2014-07-21,SINALOA,MAZATLAN,PUERTA DE SAN MARCOS,LA PUERTA,CAPTURA ILEGAL,OTROS,ATENDIDO,OTRAS
452,2014,25140124,2014-07-21,SINALOA,MAZATLAN,ISLA VENADOS,LAS IGUANAS,CAPTURA ILEGAL,METODO DE PESCA,ATENDIDO,OTRAS
453,2014,25140125,2014-07-21,SINALOA,MAZATLAN,MAZATLAN,PRESA PICACHOS,CAPTURA ILEGAL,EMBARCACION MENOR,ATENDIDO,LOBINA
454,2014,25140126,2014-07-21,SINALOA,MAZATLAN,ISLA VENADOS,LAS IGUANAS,CAPTURA ILEGAL,METODO DE PESCA,ATENDIDO,OTRAS
455,2014,25140127,2014-07-21,SINALOA,MAZATLAN,ISLA VENADOS,LAS IGUANAS,CAPTURA ILEGAL,OTROS,ATENDIDO,OTRAS
456,2014,25140128,2014-07-21,SINALOA,MAZATLAN,CASAS VIEJAS,CASAS VIEJAS,CAPTURA ILEGAL,VEHICULO,ATENDIDO,OTRAS
457,2014,25140129,2014-07-21,SINALOA,MAZATLAN,CASAS VIEJAS,CASAS VIEJAS,CAPTURA ILEGAL,OTROS,ATENDIDO,OTRAS
458,2014,25140130,2014-07-21,SINALOA,MAZATLAN,MAZATLAN,"EMBARCADERO DEL PUEBLO DE LAS IGUANAS, CONCORDIA",TRANSPORTACION ILEGAL,VEHICULO,ATENDIDO,
459,2014,25140131,2014-07-21,SINALOA,MAZATLAN,MAZATLAN,PRESA PICACHOS,POSESION ILEGAL,VEHICULO,ATENDIDO,
460,2014,25140132,2014-07-21,SINALOA,MAZATLAN,MAZATLAN,PRESA PICACHOS,POSESION ILEGAL,VEHICULO,ATENDIDO,
461,2014,25140133,2014-07-21,SINALOA,MAZATLAN,MAZATLAN,PRESA PICACHOS,COMERCIALIZACION ILEGAL,VEHICULO,ATENDIDO,
462,2014,25140134,2014-07-21,SINALOA,MAZATLAN,MAZATLAN,PRESA PICACHOS,COMERCIALIZACION ILEGAL,VEHICULO,ATENDIDO,
463,2014,25140135,2014-07-21,SINALOA,MAZATLAN,MAZATLAN,PRESA PICACHOS,CAPTURA ILEGAL,VEHICULO,ATENDIDO,
464,2014,25140136,2014-07-21,SINALOA,MAZATLAN,MAZATLAN,PRESA PICACHOS,TRANSPORTACION ILEGAL,VEHICULO,ATENDIDO,
465,2014,25140137,2014-07-21,SINALOA,MAZATLAN,MAZATLAN,EN LA PRESA PICACHOS,CAPTURA ILEGAL,VEHICULO,ATENDIDO,
466,2014,2140138,2014-07-29,BAJA CALIFORNIA,MEXICALI,SAN FELIPE,"SN FELIPE, PUERTECITOS Y LUIS GONZAGA",CAPTURA ILEGAL,EMBARCACION MENOR,ATENDIDO,OTRAS
467,2014,18140139,2014-07-30,NAYARIT,TEPIC,LA HACIENDA,REGION DEE LAS HACIENDAS,CAPTURA ILEGAL,EMBARCACION MENOR,ATENDIDO,CAMARON
468,2014,26140140,2014-07-30,SONORA,BENITO JUAREZ,PAREDON COLORADO (PAREDON VIEJO),PAREDON COLORADO,CAPTURA ILEGAL,EMBARCACION MENOR,ATENDIDO,CAMARON
469,2014,26140141,2014-07-30,SONORA,BENITO JUAREZ,PAREDON COLORADO (PAREDON VIEJO),PAREDON COLORADO,CAPTURA ILEGAL,EMBARCACION MENOR,ATENDIDO,CAMARON
470,2014,25140142,2014-07-30,SINALOA,ESCUINAPA,OJO DE AGUA DE PALMILLAS,EMBARCADERO DE LOS LIBRES DE PALMILLAS,CAPTURA ILEGAL,EMBARCACION MENOR,ATENDIDO,CAMARON
471,2014,2140143,2014-07-31,BAJA CALIFORNIA,MEXICALI,SAN FELIPE,SAN FELIPE,CAPTURA ILEGAL,EMBARCACION MENOR,ATENDIDO,ALMEJA
472,2014,25140144,2014-08-01,SINALOA,GUASAVE,BOCA DEL RIO,LA BOCA DEL RIO,CAPTURA ILEGAL,EMBARCACION MENOR,ATENDIDO,CAMARON
473,2014,26140145,2014-08-04,SONORA,GUAYMAS,HEROICA GUAYMAS,ENSENADA GRANDE,CAPTURA ILEGAL,EMBARCACION MENOR,ATENDIDO,DORADO
474,2014,25140146,2014-08-04,SINALOA,ROSARIO,LAS GARZAS,LA TARQUINA,CAPTURA ILEGAL,ARTE DE PESCA,ATENDIDO,CAMARON
475,2014,26140147,2014-08-04,SONORA,HUATABAMPO,LAS BOCAS,LAS BOCAS,CAPTURA ILEGAL,EMBARCACION MENOR,ATENDIDO,CAMARON
476,2014,18140148,2014-08-05,NAYARIT,SAN BLAS,GUADALUPE VICTORIA (LA VIROCHA),"ESTERO LAGUNA NARANJO, LAS CHANGAS Y PAPAYITOS.",CAPTURA ILEGAL,EMBARCACION MENOR,ATENDIDO,CAMARON
477,2014,3140149,2014-08-06,BAJA CALIFORNIA SUR,LOS CABOS,SAN JOSE DEL CABO,BAHIA SANTA MARIA,CAPTURA ILEGAL,EMBARCACION MAYOR,ATENDIDO,
478,2014,26140150,2014-08-06,SONORA,SAN IGNACIO RIO MUERTO,SAN IGNACIO RIO MUERTO,BAHIA DE LOBOS,CAPTURA ILEGAL,EMBARCACION MENOR,ATENDIDO,DORADO
479,2014,31140151,2014-08-08,YUCATAN,PROGRESO,PROGRESO,UAYMITUN,CAPTURA ILEGAL,EMBARCACION MENOR,ATENDIDO,PEPINO DE MA
480,2014,26140152,2014-08-08,SONORA,HERMOSILLO,EL COLORADO,EL CHOYUDO Y EL COLORADO,CAPTURA ILEGAL,EMBARCACION MENOR,ATENDIDO,CAMARON
481,2014,4140153,2014-08-11,CAMPECHE,CAMPECHE,LERMA,A UN COSTADO DEL RESTAURANT LA UVA,POSESION ILEGAL,EMBARCACION MENOR,ATENDIDO,PULPO
482,2014,25140154,2014-08-11,SINALOA,GUASAVE,SAN JOSE DE LA BRECHA,ESTERO WACHAPORI,CAPTURA ILEGAL,EMBARCACION MENOR,ATENDIDO,OTRAS
483,2014,31140155,2014-08-12,YUCATAN,PROGRESO,CHICXULUB (CHICXULUB PUERTO),ISLA ALACRANES,CAPTURA ILEGAL,EMBARCACION MAYOR,ATENDIDO,TIBURON
484,2014,31140156,2014-08-12,YUCATAN,MERIDA,MERIDA,ALACRANES,CAPTURA ILEGAL,METODO DE PESCA,ATENDIDO,TIBURON
485,2014,31140157,2014-08-13,YUCATAN,PROGRESO,PROGRESO,YUCALPETEN,CAPTURA ILEGAL,EMBARCACION MENOR,ATENDIDO,TIBURON
486,2014,31140158,2014-08-13,YUCATAN,PROGRESO,PROGRESO,YUCALPETEN,CAPTURA ILEGAL,EMBARCACION MENOR,ATENDIDO,TIBURON
487,2014,18140159,2014-08-13,NAYARIT,TECUALA,EL MACHO VIEJO,EL MACHO,COMERCIALIZACION ILEGAL,EMBARCACION MENOR,ATENDIDO,CAMARON
488,2014,31140160,2014-08-13,YUCATAN,MERIDA,MERIDA,YUCATAN,CAPTURA ILEGAL,OTROS,ATENDIDO,TIBURON
489,2014,31140161,2014-08-13,YUCATAN,MERIDA,MERIDA,YUCATAN,CAPTURA ILEGAL,OTROS,ATENDIDO,TIBURON
490,2014,26140162,2014-08-17,SONORA,HERMOSILLO,BAHIA DE KINO,EL COLORADO,CAPTURA ILEGAL,EMBARCACION MENOR,ATENDIDO,DORADO
491,2014,26140163,2014-08-17,SONORA,GUAYMAS,POTAM,POTAM,CAPTURA ILEGAL,VEHICULO,ATENDIDO,
492,2014,26140164,2014-08-17,SONORA,GUAYMAS,POTAM,POTAM,CAPTURA ILEGAL,VEHICULO,ATENDIDO,
493,2014,26140165,2014-08-17,SONORA,GUAYMAS,POTAM,POTAM,CAPTURA ILEGAL,VEHICULO,ATENDIDO,
494,2014,26140166,2014-08-19,SONORA,SAN IGNACIO RIO MUERTO,BAHIA DE LOBOS,BAHIA DE LOBOS,CAPTURA ILEGAL,EMBARCACION MENOR,ATENDIDO,CAMARON
495,2014,26140167,2014-08-24,SONORA,GUAYMAS,POTAM,CHOYAL,COMERCIALIZACION ILEGAL,METODO DE PESCA,ATENDIDO,CAMARON
496,2014,16140168,2014-08-25,MICHOACAN,LAZARO CARDENAS,CIUDAD LAZARO CARDENAS,DESEMBOQUE DEL RIO BALSAS,CAPTURA ILEGAL,EMBARCACION MENOR,ATENDIDO,LANGOSTA
497,2014,16140169,2014-08-25,MICHOACAN,,,DESEMBOQUE DEL RIO BALSAS,CAPTURA ILEGAL,EMBARCACION MENOR,ATENDIDO,LANGOSTA
498,2014,25140170,2014-08-25,SINALOA,AHOME,TOPOLOBAMPO,MUELLE DE FONATUR,CAPTURA ILEGAL,ARTE DE PESCA,ATENDIDO,CAMARON
499,2014,14140171,2014-08-26,JALISCO,TUXCUECA,PUERTO CORONA,SAN CRISTOBAL,OTROS,OTROS,ATENDIDO,
500,2014,14140172,2014-08-27,JALISCO,TOMATLAN,PRESA CAJON DE PEÑA (LA PRESA),CENTRO,CAPTURA ILEGAL,EMBARCACION MENOR,ATENDIDO,TRUCHA
501,2014,4140173,2014-08-28,CAMPECHE,CAMPECHE,SAN FRANCISCO DE CAMPECHE,SAN LORENZO,CAPTURA ILEGAL,VEHICULO,ATENDIDO,PULPO
502,2014,26140174,2014-08-29,SONORA,CAJEME,PRESA ALVARO OBREGON,OVIACHIC,CAPTURA ILEGAL,EMBARCACION MENOR,ATENDIDO,MOJARRA
503,2014,25140175,2014-08-29,SINALOA,CULIACAN,ELDORADO,LAS ARENITAS,CAPTURA ILEGAL,EMBARCACION MENOR,ATENDIDO,CAMARON
504,2014,2140176,2014-08-29,BAJA CALIFORNIA,MEXICALI,SAN FELIPE,PARTE NORTE DE SAN FELIPE,CAPTURA ILEGAL,EMBARCACION MENOR,ATENDIDO,ALMEJA
505,2014,17140177,2014-08-29,MORELOS,MIACATLAN,MIACATLAN,LAGOS COATETELCO Y EL RODEO,CAPTURA ILEGAL,EMBARCACION MENOR,ATENDIDO,MOJARRA
506,2014,18140178,2014-08-29,NAYARIT,TECUALA,TECUALA,PASO HONDO,CAPTURA ILEGAL,ARTE DE PESCA,ATENDIDO,CAMARON
507,2014,2140179,2014-09-02,BAJA CALIFORNIA,ENSENADA,PUNTA PRIETA,LAGUNA MANUELA,CAPTURA ILEGAL,EMBARCACION MENOR,ATENDIDO,CAZON
508,2014,25140180,2014-09-03,SINALOA,NAVOLATO,DAUTILLOS,DAUTILLOS,CAPTURA ILEGAL,EMBARCACION MENOR,ATENDIDO,CAMARON
509,2014,26140181,2014-09-03,SONORA,SAN IGNACIO RIO MUERTO,BAHIA DE LOBOS,BAHIA DE LOBOS,OTROS,EMBARCACION MENOR,ATENDIDO,CAMARON
510,2014,25140182,2014-09-03,SINALOA,MAZATLAN,LOMAS DE MONTERREY,DIQUE NO. III,CAPTURA ILEGAL,EMBARCACION MENOR,ATENDIDO,MOJARRA
511,2014,30140183,2014-09-03,VERACRUZ,ALVARADO,ALVARADO,ALVARDO,CAPTURA ILEGAL,ARTE DE PESCA,ATENDIDO,OTRAS
512,2014,26140184,2014-09-06,SONORA,HUATABAMPO,LAS BOCAS,LAS BOCAS,CAPTURA ILEGAL,METODO DE PESCA,ATENDIDO,CAMARON
513,2014,26140185,2014-09-08,SONORA,HERMOSILLO,EL COLORADO,SAN AGUSTIN,CAPTURA ILEGAL,ARTE DE PESCA,ATENDIDO,DORADO
514,2014,18140186,2014-09-08,NAYARIT,TECUALA,TECUALA,TECUALA,CAPTURA ILEGAL,EMBARCACION MENOR,ATENDIDO,CAMARON
515,2014,2140187,2014-09-09,BAJA CALIFORNIA,ENSENADA,JATAY,BAJAMAR-JATAY-JOVITA,CAPTURA ILEGAL,EMBARCACION MENOR,ATENDIDO,LANGOSTA
516,2014,2140188,2014-09-09,BAJA CALIFORNIA,ENSENADA,ENSENADA,PLAYA HERMOSA,CAPTURA ILEGAL,EMBARCACION MAYOR,ATENDIDO,
517,2014,25140189,2014-09-12,SINALOA,MAZATLAN,LOMAS DE MONTERREY,DIQUE NO. III,CAPTURA ILEGAL,EMBARCACION MENOR,ATENDIDO,MOJARRA
518,2014,18140190,2014-09-18,NAYARIT,SAN BLAS,LA CHIRIPA,ESTERO DE CALLEJONES,CAPTURA ILEGAL,ARTE DE PESCA,ATENDIDO,CAMARON
519,2014,18140191,2014-09-18,NAYARIT,BAHIA DE BANDERAS,CRUZ DE HUANACAXTLE,MERCADO LOCAL,COMERCIALIZACION ILEGAL,OTROS,ATENDIDO,JUREL
520,2014,30140192,2014-09-19,VERACRUZ,PUEBLO VIEJO,CD. CUAUHTEMOC,CHACAS,CAPTURA ILEGAL,METODO DE PESCA,ATENDIDO,CAMARON
521,2014,30140193,2014-09-22,VERACRUZ,TAMIAHUA,LAS CHACAS,CUCHARAS,CAPTURA ILEGAL,METODO DE PESCA,ATENDIDO,CAMARON
522,2014,27140194,2014-09-22,TABASCO,MACUSPANA,CHILAPILLA 1A. SECCION,RIO CHILAPILLA CD PEMEX,CAPTURA ILEGAL,EMBARCACION MENOR,ATENDIDO,ROBALO
523,2014,27140195,2014-09-22,TABASCO,MACUSPANA,CHILAPILLA 1A. SECCION,RIO CHILAPILLA CD PEMEX,CAPTURA ILEGAL,EMBARCACION MENOR,ATENDIDO,ROBALO
524,2014,30140196,2014-09-23,VERACRUZ,TECOLUTLA,TECOLUTLA,TECOLUTLA,CAPTURA ILEGAL,OTROS,ATENDIDO,
525,2014,30140197,2014-09-25,VERACRUZ,PUEBLO VIEJO,SAN FELIPE,CUCHARAS,CAPTURA ILEGAL,ARTE DE PESCA,ATENDIDO,CAMARON
526,2014,6140198,2014-09-26,COLIMA,TECOMAN,PASCUALES,BOCA DE PASCUALES,CAPTURA ILEGAL,METODO DE PESCA,ATENDIDO,ROBALO
527,2014,18140199,2014-09-26,NAYARIT,BAHIA DE BANDERAS,AGUAMILPA,PRESA HIDROELECTRICA AGUAMILPA,CAPTURA ILEGAL,EMBARCACION MENOR,ATENDIDO,MOJARRA
528,2014,30140200,2014-09-30,VERACRUZ,TAMIAHUA,LA BRECHA,LA BRECHA,CAPTURA ILEGAL,ARTE DE PESCA,ATENDIDO,CAMARON
529,2014,25140201,2014-09-30,SINALOA,CONCORDIA,LAS IGUANAS,LAS IGUANAS,CAPTURA ILEGAL,EMBARCACION MENOR,ATENDIDO,LOBINA
530,2014,25140202,2014-10-03,SINALOA,NAVOLATO,AL TATA,LAGUNA CHIRICAHUETO-ENSENADA EL PABELLON,CAPTURA ILEGAL,METODO DE PESCA,ATENDIDO,CAMARON
531,2014,2140203,2014-10-06,BAJA CALIFORNIA,ENSENADA,EL ROSARITO,PLAYA DEL EJIDO VALLE TRANQUILO,CAPTURA ILEGAL,ARTE DE PESCA,ATENDIDO,LANGOSTA
532,2014,2140204,2014-10-08,BAJA CALIFORNIA,MEXICALI,SAN FELIPE,SAN FELIPE,OTROS,METODO DE PESCA,ATENDIDO,ALMEJA
533,2014,6140205,2014-10-23,COLIMA,TECOMAN,BOCA DE PASCUALES,DESEMBOCADURA PASCUALES,CAPTURA ILEGAL,ARTE DE PESCA,ATENDIDO,
534,2014,14140206,2014-10-27,JALISCO,CABO CORRIENTES,PIZOTA,CERRO BOLA HASTA PIZOTA,CAPTURA ILEGAL,OTROS,ATENDIDO,
535,2014,30140207,2014-10-28,VERACRUZ,PUEBLO VIEJO,CD. CUAUHTEMOC,PUEBLO VIEJO,CAPTURA ILEGAL,ARTE DE PESCA,ATENDIDO,CAMARON
536,2014,25140208,2014-10-29,SINALOA,MAZATLAN,EL TECOMATE DE SIQUEROS,PRRSA LOS HORCONES,CAPTURA ILEGAL,EMBARCACION MENOR,ATENDIDO,MOJARRA
537,2014,14140209,2014-11-04,JALISCO,TUXCUECA,SAN LUIS SOYATLAN,SAN NICOLAS DE ACUÑA,CAPTURA ILEGAL,ARTE DE PESCA,ATENDIDO,CHARAL
538,2014,25140210,2014-11-05,SINALOA,ESCUINAPA,LAS CABRAS,LAS CABRAS,OTROS,OTROS,ATENDIDO,CAMARON
539,2014,14140211,2014-11-05,JALISCO,TIZAPAN EL ALTO,TIZAPAN EL ALTO,DE TIZAPAN A MISMALOYA,CAPTURA ILEGAL,ARTE DE PESCA,ATENDIDO,OTRAS
540,2014,14140212,2014-11-05,JALISCO,CHAPALA,CHAPALA,CHAPALA,POSESION ILEGAL,ARTE DE PESCA,ATENDIDO,OTRAS
541,2014,14140213,2014-11-05,JALISCO,TIZAPAN EL ALTO,MISMALOYA,SAN NICOLAS-MISMALOYA,CAPTURA ILEGAL,ARTE DE PESCA,ATENDIDO,OTRAS
542,2014,14140214,2014-11-05,JALISCO,JAMAY,JAMAY,RINCON DE JAMAY,CAPTURA ILEGAL,ARTE DE PESCA,SIN ATENDER,OTRAS
543,2014,14140215,2014-11-05,JALISCO,CHAPALA,AJIJIC,MERCADO MUNICIPAL,COMERCIALIZACION ILEGAL,OTROS,ATENDIDO,OTRAS
544,2014,14140216,2014-11-06,JALISCO,COLOTLAN,COLOTLAN,COLONIA TORRECILLAS,OTROS,OTROS,ATENDIDO,OTRAS
545,2014,14140217,2014-11-06,JALISCO,PONCITLAN,PONCITLAN,EJIDO DEL GUSANO,CAPTURA ILEGAL,ARTE DE PESCA,ATENDIDO,OTRAS
546,2014,14140218,2014-11-06,JALISCO,TEPATITLAN DE MORELOS,TEPATITLAN DE MORELOS,ELTORTUGUERO,CAPTURA ILEGAL,ARTE DE PESCA,ATENDIDO,OTRAS
547,2014,14140219,2014-11-06,JALISCO,LA HUERTA,CHAMELA,ENTRE CHAMELA Y CAREYES,CAPTURA ILEGAL,ARTE DE PESCA,ATENDIDO,OTRAS
548,2014,14140220,2014-11-06,JALISCO,OCOTLAN,OCOTLAN,LAGO DE CHAPALA EN BOCA DEL RIO ENTRE OCOTLAN Y JA,CAPTURA ILEGAL,ARTE DE PESCA,ATENDIDO,OTRAS
549,2014,14140221,2014-11-06,JALISCO,TEOCUITATLAN DE CORONA,SANTA ROSA,PRESA DE SANTA ROSA,CAPTURA ILEGAL,ARTE DE PESCA,ATENDIDO,OTRAS
550,2014,14140222,2014-11-06,JALISCO,VALLE DE GUADALUPE,EL SAUCITO,PRESA EL SALTO,CAPTURA ILEGAL,ARTE DE PESCA,ATENDIDO,OTRAS
551,2014,14140223,2014-11-06,JALISCO,VALLE DE GUADALUPE,EL AGUILA,RANCHO EL AGUILA,CAPTURA ILEGAL,ARTE DE PESCA,ATENDIDO,OTRAS
552,2014,14140224,2014-11-06,JALISCO,TEPATITLAN DE MORELOS,TEPATITLAN DE MORELOS,EL TORTUGUERO,CAPTURA ILEGAL,ARTE DE PESCA,ATENDIDO,OTRAS
553,2014,14140225,2014-11-06,JALISCO,TEPATITLAN DE MORELOS,TEPATITLAN DE MORELOS,PRESA ELTEHUITE,CAPTURA ILEGAL,ARTE DE PESCA,ATENDIDO,OTRAS
554,2014,14140226,2014-11-06,JALISCO,LA HUERTA,EMILIANO ZAPATA,BOCA DEL RIO DE CUIXMALA,CAPTURA ILEGAL,ARTE DE PESCA,ATENDIDO,OTRAS
555,2014,3140227,2014-11-07,BAJA CALIFORNIA SUR,COMONDU,CIUDAD CONSTITUCION,BAHIA DE SAN CARLOS,CAPTURA ILEGAL,EMBARCACION MAYOR,ATENDIDO,OTRAS
556,2014,24140228,2014-11-07,SAN LUIS POTOSI,CIUDAD VALLES,CIUDAD VALLES,PRESA LA LAJILLA - LAGUNA DEL MANTE,CAPTURA ILEGAL,OTROS,ATENDIDO,LOBINA
557,2014,27140229,2014-11-10,TABASCO,PARAISO,EL BELLOTE (MIGUEL DE LA MADRID),S,OTROS,OTROS,ATENDIDO,OTRAS
558,2014,25140230,2014-11-13,SINALOA,ESCUINAPA,TEACAPAN,EL QUESO,COMERCIALIZACION ILEGAL,VEHICULO,ATENDIDO,DORADO
559,2014,3140231,2014-11-18,BAJA CALIFORNIA SUR,COMONDU,PUERTO SAN CARLOS,BAHIA ALMEJAS,CAPTURA ILEGAL,EMBARCACION MAYOR,ATENDIDO,CAMARON
560,2014,2140232,2014-11-18,BAJA CALIFORNIA,ENSENADA,EL ROSARIO,EJIDO VALLE TRANQUILO,CAPTURA ILEGAL,EMBARCACION MENOR,ATENDIDO,ERIZO
561,2014,25140233,2014-11-19,SINALOA,ESCUINAPA,LAS CABRAS,LAS CABRAS,OTROS,EMBARCACION MAYOR,ATENDIDO,SARDINA
562,2014,28140234,2014-11-19,TAMAULIPAS,ALDAMA,BARRA DEL TORDO,BARRA DEL TORDO,OTROS,METODO DE PESCA,ATENDIDO,
563,2014,28140235,2014-11-19,TAMAULIPAS,ALDAMA,BARRA DEL TORDO,BARRA DEL TORDO,OTROS,METODO DE PESCA,ATENDIDO,
564,2014,28140236,2014-11-19,TAMAULIPAS,ALDAMA,BARRA DEL TORDO,BARRA DEL TORDO,OTROS,METODO DE PESCA,ATENDIDO,
565,2014,14140237,2014-11-21,JALISCO,COCULA,COCULA,BORDO SAN JOAQUIN,CAPTURA ILEGAL,ARTE DE PESCA,ATENDIDO,OTRAS
566,2014,6140238,2014-11-21,COLIMA,MANZANILLO,MANZANILLO,LITORALES DE COLIMA,CAPTURA ILEGAL,EMBARCACION MENOR,ATENDIDO,DORADO
567,2014,12140239,2014-11-22,GUERRERO,ACAPULCO DE JUAREZ,ACAPULCO DE JUAREZ,ACAPULCO,OTROS,OTROS,ATENDIDO,
568,2014,18140240,2014-11-24,NAYARIT,BAHIA DE BANDERAS,LAS JARRETADERAS,DESEMBOCADURA DEL RIO AMECA,CAPTURA ILEGAL,METODO DE PESCA,ATENDIDO,
569,2014,18140241,2014-11-24,NAYARIT,SAN BLAS,BOCA DEL ASADERO,LAGUNA LA TRONCONUDA Y POZO DEL AHOGADO,CAPTURA ILEGAL,METODO DE PESCA,ATENDIDO,CAMARON
570,2014,14140242,2014-11-26,JALISCO,CHAPALA,SANTA CRUZ DE LA SOLEDAD,EL ACUEDUCTO,OTROS,ARTE DE PESCA,ATENDIDO,OTRAS
571,2014,14140243,2014-11-28,JALISCO,ZAPOPAN,ZAPOPAN,HACIENDA LA ESCOBA (LA MAGDALENA),COMERCIALIZACION ILEGAL,ARTE DE PESCA,ATENDIDO,OTRAS
572,2014,14140244,2014-11-28,JALISCO,ZAPOPAN,ZAPOPAN,HACIENDA LA ESCOBA (LA MAGDALENA),COMERCIALIZACION ILEGAL,ARTE DE PESCA,ATENDIDO,OTRAS
573,2014,31140245,2014-11-29,YUCATAN,PROGRESO,PROGRESO,"PISTA DE CANOTAJE, PARADERO TURISTICO ""CORCHITO""",CAPTURA ILEGAL,ARTE DE PESCA,ATENDIDO,OTRAS
574,2014,26140246,2014-11-30,SONORA,CAJEME,OVIACHIC,EL VERTEDOR DE LA PRESA,CAPTURA ILEGAL,METODO DE PESCA,ATENDIDO,BAGRE
575,2014,30140247,2014-12-03,VERACRUZ,TAMIAHUA,TAMIAHUA,LAGUNA TAMIAHUA,CAPTURA ILEGAL,EMBARCACION MENOR,ATENDIDO,LEBRANCHA
576,2014,26140248,2014-12-03,SONORA,CAJEME,CIUDAD OBREGON,PRESA ALVARO OBREGON,OTROS,METODO DE PESCA,ATENDIDO,BAGRE
577,2014,14140249,2014-12-03,JALISCO,VALLE DE GUADALUPE,VALLE DE GUADALUPE,"PRESA EL SALTO,",CAPTURA ILEGAL,OTROS,ATENDIDO,OTRAS
578,2014,3140250,2014-12-04,BAJA CALIFORNIA SUR,COMONDU,PUERTO SAN CARLOS,FRENTE A LA HERRADURA,CAPTURA ILEGAL,EMBARCACION MAYOR,ATENDIDO,SARDINA
579,2014,26140251,2014-12-04,SONORA,CAJEME,BUENAVISTA,PRESA ALVARO OBREGON,OTROS,METODO DE PESCA,ATENDIDO,BAGRE
580,2014,18140252,2014-12-05,NAYARIT,BAHIA DE BANDERAS,LAS JARRETADERAS,DESEMBOCADURA DEL RIO AMECA,OTROS,METODO DE PESCA,ATENDIDO,
581,2014,3140253,2014-12-05,BAJA CALIFORNIA SUR,COMONDU,PUERTO SAN CARLOS,VILLA HIDALGO,POSESION ILEGAL,OTROS,ATENDIDO,ALMEJA
582,2014,30140254,2014-12-07,VERACRUZ,TAMIAHUA,TAMIAHUA,REFORMA,CAPTURA ILEGAL,ARTE DE PESCA,ATENDIDO,CAMARON
583,2014,6140255,2014-12-08,COLIMA,MANZANILLO,MANZANILLO,ESCOLLERA DE TEPALCATES,CAPTURA ILEGAL,METODO DE PESCA,ATENDIDO,OTRAS
584,2014,3140256,2014-12-10,BAJA CALIFORNIA SUR,COMONDU,PUERTO SAN CARLOS,BAHIA MAGDALENA,CAPTURA ILEGAL,EMBARCACION MAYOR,ATENDIDO,SARDINA
585,2014,25140257,2014-12-16,SINALOA,SAN IGNACIO,DIMAS (ESTACION DIMAS),ESTERO MEDINA,CAPTURA ILEGAL,METODO DE PESCA,ATENDIDO,CAMARON
586,2014,25140258,2014-12-16,SINALOA,MAZATLAN,MARMOL DE SALCIDO (MARMOL),BAJOS DE MARMOL Y DE PIAXTLA,CAPTURA ILEGAL,OTROS,ATENDIDO,OSTION
587,2014,7140259,2014-12-16,CHIAPAS,MAPASTEPEC,EL CASTAÑO,BOCABARRA SAN NICOLAS,CAPTURA ILEGAL,ARTE DE PESCA,ATENDIDO,CAMARON
588,2014,7140260,2014-12-16,CHIAPAS,ACAPETAHUA,BARRA ZACAPULCO,BOCABARRA SAN JUAN,CAPTURA ILEGAL,ARTE DE PESCA,ATENDIDO,CAMARON
589,2014,14140261,2014-12-18,JALISCO,CHAPALA,CHAPALA,LA ESTACION MANGLAR,CAPTURA ILEGAL,ARTE DE PESCA,ATENDIDO,CHARAL
590,2014,18140262,2014-12-28,NAYARIT,TECUALA,SAN CAYETANO,OTATITOS,CAPTURA ILEGAL,EMBARCACION MENOR,ATENDIDO,LISA
591,2014,18140263,2014-12-31,NAYARIT,TECUALA,LA PUNTILLA,EL ROBLITO,CAPTURA ILEGAL,EMBARCACION MAYOR,ATENDIDO,LISA
592,2015,25150001,2015-01-05,SINALOA,ANGOSTURA,LA REFORMA,MUELLE DE LA LAGUNA SANTA MARIA,CAPTURA ILEGAL,EMBARCACION MENOR,ATENDIDO,JAIBA
593,2015,30150002,2015-01-06,VERACRUZ,TAMIAHUA,LA PUNTILLA,LAGUNA DE TAMIAHUA,CAPTURA ILEGAL,ARTE DE PESCA,ATENDIDO,LEBRANCHA
594,2015,14150003,2015-01-06,JALISCO,TOMATLAN,PRESA CAJON DE PEÑA (LA PRESA),COOPERATIVA,CAPTURA ILEGAL,EMBARCACION MENOR,ATENDIDO,LOBINA
595,2015,14150004,2015-01-07,JALISCO,TOMATLAN,PRESA CAJON DE PEÑA (LA PRESA),PRESA CAJON DE PEÑAS,CAPTURA ILEGAL,ARTE DE PESCA,ATENDIDO,OTRAS
596,2015,3150005,2015-01-10,BAJA CALIFORNIA SUR,LORETO,LORETO,"RESTAURANT ""PICAZON""",CAPTURA ILEGAL,METODO DE PESCA,ATENDIDO,PARGO
597,2015,14150006,2015-01-10,JALISCO,,,LA QUEBRADA,CAPTURA ILEGAL,EMBARCACION MENOR,ATENDIDO,LOBINA
598,2015,3150007,2015-01-11,BAJA CALIFORNIA SUR,LORETO,LORETO,"RESTAURANT ""PICAZON""NORTE DE",CAPTURA ILEGAL,METODO DE PESCA,ATENDIDO,CABRILLA
599,2015,3150008,2015-01-11,BAJA CALIFORNIA SUR,LORETO,LORETO,"RESTAURANT ""PICAZON""NORTE DE",CAPTURA ILEGAL,ARTE DE PESCA,ATENDIDO,CABRILLA
600,2015,14150009,2015-01-13,JALISCO,TOMATLAN,MAJAHUITAS,ESTERO MAJAHUAS,CAPTURA ILEGAL,ARTE DE PESCA,ATENDIDO,OTRAS
601,2015,14150010,2015-01-14,JALISCO,OCOTLAN,ORILLA DEL RIO,EL RIO,COMERCIALIZACION ILEGAL,EMBARCACION MENOR,ATENDIDO,MOJARRA
602,2015,14150011,2015-01-14,JALISCO,CABO CORRIENTES,LAS MAJAHUITAS,LAS MAJAHUITAS,CAPTURA ILEGAL,EMBARCACION MENOR,ATENDIDO,OTRAS
603,2015,14150012,2015-01-14,JALISCO,COLOTLAN,COLOTLAN,"LAGO DE CHAPALA, MEZCALA Y OCOTLAN",CAPTURA ILEGAL,ARTE DE PESCA,ATENDIDO,OTRAS
604,2015,14150013,2015-01-14,JALISCO,PUERTO VALLARTA,PUERTO VALLARTA,LONJA PESQUERA,TRANSPORTACION ILEGAL,OTROS,ATENDIDO,
605,2015,14150014,2015-01-14,JALISCO,OCOTLAN,OCOTLAN,"CALLE 1 DEMAYO COL. TORRECILLAS, OCOTLAN,JALISCO",COMERCIALIZACION ILEGAL,OTROS,ATENDIDO,OTRAS
606,2015,14150015,2015-01-15,JALISCO,LA HUERTA,PERULA,"VARIOSLUGARES CABO CORRIENTES,PUNTA PERULA,",CAPTURA ILEGAL,EMBARCACION MENOR,ATENDIDO,OTRAS
607,2015,6150016,2015-01-19,COLIMA,MANZANILLO,PLAYA DE ORO,BOCA DE COCO,CAPTURA ILEGAL,OTROS,ATENDIDO,SIERRA
608,2015,25150017,2015-01-20,SINALOA,AHOME,LAS BALLENAS,SISTEMA LAGUNAR LA BALLENAS,CAPTURA ILEGAL,EMBARCACION MENOR,ATENDIDO,OTRAS
609,2015,14150018,2015-01-20,JALISCO,VILLA HIDALGO,JUIQUIÑAQUI DE ARRIBA (LA HACIENDITA),PRESA JUQUIÑAQUI,CAPTURA ILEGAL,EMBARCACION MENOR,ATENDIDO,OTRAS
610,2015,2150019,2015-01-20,BAJA CALIFORNIA,MEXICALI,MEXICALI,"SAN FELIPE, B.C.",CAPTURA ILEGAL,EMBARCACION MENOR,ATENDIDO,OTRAS
611,2015,30150020,2015-01-21,VERACRUZ,TECOLUTLA,TECOLUTLA,BONACA,CAPTURA ILEGAL,METODO DE PESCA,ATENDIDO,ROBALO
612,2015,4150021,2015-01-23,CAMPECHE,CAMPECHE,SAN FRANCISCO DE CAMPECHE,CAMPECHE,CAPTURA ILEGAL,EMBARCACION MENOR,ATENDIDO,OTRAS
613,2015,14150022,2015-01-24,JALISCO,,,PRESA CAJON DE PEÑA,CAPTURA ILEGAL,EMBARCACION MENOR,ATENDIDO,LOBINA
614,2015,25150023,2015-01-26,SINALOA,NAVOLATO,AL TATA,EL TETUAN NUEVO,CAPTURA ILEGAL,EMBARCACION MENOR,ATENDIDO,ALMEJA
615,2015,14150024,2015-01-30,JALISCO,VALLE DE GUADALUPE,VALLE DE GUADALUPE,VALLE DE GPE.,CAPTURA ILEGAL,OTROS,ATENDIDO,OTRAS
616,2015,14150025,2015-01-30,JALISCO,VALLE DE GUADALUPE,VALLE DE GUADALUPE,VALLE DE GPE.,CAPTURA ILEGAL,OTROS,ATENDIDO,OTRAS
617,2015,3150026,2015-01-31,BAJA CALIFORNIA SUR,COMONDU,PUERTO SAN CARLOS,FRENTE A LA HERRADURA,CAPTURA ILEGAL,EMBARCACION MAYOR,ATENDIDO,CAMARON
618,2015,3150027,2015-02-01,BAJA CALIFORNIA SUR,COMONDU,PUERTO SAN CARLOS,EL CURRIS,CAPTURA ILEGAL,EMBARCACION MAYOR,ATENDIDO,SARDINA
619,2015,2150028,2015-02-02,BAJA CALIFORNIA,MEXICALI,SAN FELIPE,SAN FELIPE,OTROS,OTROS,ATENDIDO,
620,2015,14150029,2015-02-03,JALISCO,TIZAPAN EL ALTO,TIZAPAN EL ALTO,MISMALOYA-TIZAPAN EL ALTO-TUXCUECA,CAPTURA ILEGAL,ARTE DE PESCA,ATENDIDO,OTRAS
621,2015,14150030,2015-02-04,JALISCO,TUXCUECA,EL TEPEGUAJE,"TUXCUECA, PUERTA DE SAN LINOLAS CON LA ANGOSTURA,",CAPTURA ILEGAL,ARTE DE PESCA,ATENDIDO,CHARAL
622,2015,14150031,2015-02-04,JALISCO,UNION DE TULA,TACOTAN (LA ALPATAHUA),PRESA RAMON CORONA TRIGO MIL,CAPTURA ILEGAL,ARTE DE PESCA,ATENDIDO,CARPA
623,2015,6150032,2015-02-04,COLIMA,MANZANILLO,PLAYA DE ORO,BOCA DEL COCO,CAPTURA ILEGAL,ARTE DE PESCA,ATENDIDO,CORVINA
624,2015,14150033,2015-02-05,JALISCO,ATOTONILCO EL ALTO,ATOTONILCO EL ALTO,RIO SANTIAGO,CAPTURA ILEGAL,OTROS,ATENDIDO,OTRAS
625,2015,18150034,2015-02-06,NAYARIT,BAHIA DE BANDERAS,LAS JARRETADERAS,DESEMBOCADURA DEL RIO AMECA,CAPTURA ILEGAL,EMBARCACION MENOR,SIN ATENDER,OTRAS
626,2015,26150035,2015-02-06,SONORA,SAN LUIS RIO COLORADO,GOLFO DE SANTA CLARA,GOLFO,CAPTURA ILEGAL,EMBARCACION MENOR,ATENDIDO,CAMARON
627,2015,14150036,2015-02-07,JALISCO,CHAPALA,AJIJIC,LA CRISTINA,CAPTURA ILEGAL,EMBARCACION MENOR,ATENDIDO,MOJARRA
628,2015,14150037,2015-02-09,JALISCO,TOMATLAN,PRESA CAJON DE PEÑA (LA PRESA),"LA COOPERATIVA, LA QUEBRDA, COYULA",CAPTURA ILEGAL,EMBARCACION MENOR,ATENDIDO,LOBINA
629,2015,14150038,2015-02-09,JALISCO,TOMATLAN,PRESA CAJON DE PEÑA (LA PRESA),LA COOPERATIVA,POSESION ILEGAL,EMBARCACION MENOR,ATENDIDO,LOBINA
630,2015,14150039,2015-02-10,JALISCO,TUXCUECA,SAN NICOLAS DE ACUÑA (SAN NICOLAS),SAN NICOLAS DE ACUÑA,CAPTURA ILEGAL,ARTE DE PESCA,ATENDIDO,
631,2015,14150040,2015-02-10,JALISCO,JOCOTEPEC,SAN JUAN COSALA,PLANTA DE TRATAMIENTO PIEDRAS NEGRAS,CAPTURA ILEGAL,ARTE DE PESCA,ATENDIDO,OTRAS
632,2015,14150041,2015-02-10,JALISCO,JOCOTEPEC,SAN JUAN COSALA,PLANTA DE TRATAMIENTO PIEDRAS NEGRAS,CAPTURA ILEGAL,ARTE DE PESCA,ATENDIDO,OTRAS
633,2015,14150042,2015-02-10,JALISCO,JOCOTEPEC,SAN JUAN COSALA,PLANTA DE TRATAMIENTO PIEDRAS NEGRAS,CAPTURA ILEGAL,ARTE DE PESCA,ATENDIDO,OTRAS
634,2015,26150043,2015-02-10,SONORA,SAN LUIS RIO COLORADO,GOLFO DE SANTA CLARA,GOLFO,CAPTURA ILEGAL,EMBARCACION MENOR,ATENDIDO,CAMARON
635,2015,3150044,2015-02-12,BAJA CALIFORNIA SUR,COMONDU,PUERTO SAN CARLOS,COMPLEJO LAGUNAR BAHIA MAGDALENA,CAPTURA ILEGAL,EMBARCACION MAYOR,ATENDIDO,CAMARON
636,2015,14150045,2015-02-12,JALISCO,DEGOLLADO,HUASCATO,PRESA LA POLVORA,CAPTURA ILEGAL,ARTE DE PESCA,ATENDIDO,BAGRE
637,2015,14150046,2015-02-16,JALISCO,TEPATITLAN DE MORELOS,TEPATITLAN DE MORELOS,PRESA EL HIUITE,CAPTURA ILEGAL,ARTE DE PESCA,ATENDIDO,OTRAS
638,2015,14150047,2015-02-16,JALISCO,TEPATITLAN DE MORELOS,TEPATITLAN DE MORELOS,PRESA EL HIUITE,CAPTURA ILEGAL,ARTE DE PESCA,ATENDIDO,OTRAS
639,2015,14150048,2015-02-17,JALISCO,TUXCUECA,SAN NICOLAS DE ACUÑA (SAN NICOLAS),SAN NICOLAS DE ACUÑA,CAPTURA ILEGAL,ARTE DE PESCA,ATENDIDO,OTRAS
640,2015,14150049,2015-02-18,JALISCO,VALLE DE GUADALUPE,VALLE DE GUADALUPE,PRESAEL SALTO DE VALLE DE GUADALUPE,CAPTURA ILEGAL,ARTE DE PESCA,ATENDIDO,OTRAS
641,2015,14150050,2015-02-18,JALISCO,AMECA,AMECA,PRESA TEXCALAME,CAPTURA ILEGAL,ARTE DE PESCA,ATENDIDO,OTRAS
642,2015,18150051,2015-02-18,NAYARIT,BAHIA DE BANDERAS,SAYULITA,EN PUNTA MITA FRENTE A LA CASETA DE SEGURIDAD,CAPTURA ILEGAL,ARTE DE PESCA,ATENDIDO,OTRAS
643,2015,14150052,2015-02-23,JALISCO,TOMATLAN,PRESA CAJON DE PEÑA (LA PRESA),LA QUEBRADA LOS DIQUES PRESA CAJON DE PEÑA RESTA,CAPTURA ILEGAL,EMBARCACION MENOR,ATENDIDO,LOBINA
644,2015,18150053,2015-02-25,NAYARIT,COMPOSTELA,CHACALA,CHACALA,CAPTURA ILEGAL,EMBARCACION MENOR,ATENDIDO,GUACHINANGO
645,2015,14150054,2015-02-25,JALISCO,TEUCHITLAN,PRESA LA VEGA,PRESA DE LA VEGA,CAPTURA ILEGAL,ARTE DE PESCA,ATENDIDO,OTRAS
646,2015,30150055,2015-02-25,VERACRUZ,ALVARADO,ANTON LIZARDO,ANTON LIZARDO,CAPTURA ILEGAL,EMBARCACION MENOR,ATENDIDO,TIBURON
647,2015,24150056,2015-02-27,SAN LUIS POTOSI,,,PRESA DE MEXQUITIC,CAPTURA ILEGAL,OTROS,ATENDIDO,CARPA
648,2015,14150057,2015-03-02,JALISCO,AMECA,AMECA,PRESA TEXCALAME,CAPTURA ILEGAL,ARTE DE PESCA,ATENDIDO,OTRAS
649,2015,14150058,2015-03-02,JALISCO,PONCITLAN,MEZCALA,ISLA DE MEZCALA,CAPTURA ILEGAL,EMBARCACION MENOR,ATENDIDO,CHARAL
650,2015,12150059,2015-03-02,GUERRERO,TECPAN DE GALEANA,PUERTO VICENTE GUERRERO,INSTALACIONES DE LA SCPP COSTA GRANDE DE GUERRERO,CAPTURA ILEGAL,EMBARCACION MENOR,ATENDIDO,GUACHINANGO
651,2015,14150060,2015-03-04,JALISCO,TIZAPAN EL ALTO,TIZAPAN EL ALTO,EJIDO MODELO,COMERCIALIZACION ILEGAL,OTROS,ATENDIDO,OTRAS
652,2015,14150061,2015-03-04,JALISCO,CIHUATLAN,BARRA DE NAVIDAD,PEÑA BLANCA PLAYA DE ORO COLIMA,CAPTURA ILEGAL,OTROS,ATENDIDO,PARGO
653,2015,14150062,2015-03-05,JALISCO,CHAPALA,AJIJIC,LA CRISTINA,CAPTURA ILEGAL,ARTE DE PESCA,ATENDIDO,CHARAL
654,2015,18150063,2015-03-05,NAYARIT,COMPOSTELA,CHACALA,PLAYA BOCA DE CHILA,OTROS,EMBARCACION MAYOR,ATENDIDO,GUACHINANGO
655,2015,14150064,2015-03-06,JALISCO,CIHUATLAN,BARRA DE NAVIDAD,PEÑA BLANCA Y LOS FRAILES,CAPTURA ILEGAL,ARTE DE PESCA,ATENDIDO,PARGO
656,2015,14150065,2015-03-10,JALISCO,CHAPALA,CHAPALA,MONTECARLO,CAPTURA ILEGAL,ARTE DE PESCA,ATENDIDO,MOJARRA
657,2015,14150066,2015-03-10,JALISCO,TEPATITLAN DE MORELOS,TEPATITLAN DE MORELOS,PRESA ELJIHUITE,CAPTURA ILEGAL,ARTE DE PESCA,ATENDIDO,OTRAS
658,2015,14150067,2015-03-10,JALISCO,CHAPALA,CHAPALA,LA VELA,TRANSPORTACION ILEGAL,VEHICULO,ATENDIDO,MOJARRA
659,2015,18150068,2015-03-12,NAYARIT,BAHIA DE BANDERAS,SAYULITA,SAYULITA,CAPTURA ILEGAL,EMBARCACION MENOR,ATENDIDO,GUACHINANGO
660,2015,14150069,2015-03-13,JALISCO,VALLE DE GUADALUPE,VALLE DE GUADALUPE,EL TORTUGUERO Y ELTRIGAL,CAPTURA ILEGAL,ARTE DE PESCA,ATENDIDO,OTRAS
661,2015,30150070,2015-03-17,VERACRUZ,BOCA DEL RIO,BOCA DEL RIO,BULEVARD MANUEL AVILA CAMACHO,CAPTURA ILEGAL,EMBARCACION MENOR,ATENDIDO,OTRAS
662,2015,26150071,2015-03-18,SONORA,GUAYMAS,HEROICA GUAYMAS,CRUZ DE PIEDRA,POSESION ILEGAL,EMBARCACION MENOR,SIN ATENDER,ALGAS
663,2015,20150072,2015-03-19,OAXACA,SANTA MARIA HUATULCO,TANGOLUNDA,BAHIAS DE HUATULCO,CAPTURA ILEGAL,EMBARCACION MENOR,ATENDIDO,DORADO
664,2015,14150073,2015-03-20,JALISCO,TIZAPAN EL ALTO,MISMALOYA,ENTRE MISMALOYA Y TUXCUECA,CAPTURA ILEGAL,OTROS,ATENDIDO,CHARAL
665,2015,14150074,2015-03-23,JALISCO,PONCITLAN,MEZCALA,OJO DE AGUA,CAPTURA ILEGAL,ARTE DE PESCA,ATENDIDO,MOJARRA
666,2015,14150075,2015-03-23,JALISCO,CHAPALA,AJIJIC,VILLA LUCERNA,OTROS,ARTE DE PESCA,ATENDIDO,CHARAL
667,2015,14150076,2015-03-26,JALISCO,,,PRESA EL JIHUITE,CAPTURA ILEGAL,ARTE DE PESCA,ATENDIDO,MOJARRA
668,2015,14150077,2015-03-26,JALISCO,TIZAPAN EL ALTO,EL REFUGIO,PRESA,CAPTURA ILEGAL,ARTE DE PESCA,ATENDIDO,OTRAS
669,2015,14150078,2015-03-26,JALISCO,TIZAPAN EL ALTO,VILLA EMILIANO ZAPATA (EJIDO MODELO),LAGO CHAPALA,CAPTURA ILEGAL,EMBARCACION MENOR,ATENDIDO,CHARAL
670,2015,14150079,2015-03-31,JALISCO,AMECA,AMECA,TEXCALAME,CAPTURA ILEGAL,ARTE DE PESCA,ATENDIDO,OTRAS
671,2015,3150080,2015-04-03,BAJA CALIFORNIA SUR,LA PAZ,LA PAZ,XXXX,OTROS,EMBARCACION MENOR,ATENDIDO,ABULON
672,2015,28150081,2015-04-04,TAMAULIPAS,SAN FERNANDO,SAN FERNANDO,LAGUNA MADRE,CAPTURA ILEGAL,ARTE DE PESCA,ATENDIDO,CAMARON
673,2015,14150082,2015-04-06,JALISCO,ZAPOTLANEJO,CALDERON,PRESA DE CALDERON,CAPTURA ILEGAL,ARTE DE PESCA,ATENDIDO,OTRAS
674,2015,23150083,2015-04-06,QUINTANA ROO,SOLIDARIDAD,PUERTO AVENTURAS,MARINA,CAPTURA ILEGAL,EMBARCACION MAYOR,ATENDIDO,CARACOL
675,2015,14150084,2015-04-08,JALISCO,CABO CORRIENTES,TEHUAMIXTLE (TEHUALMIXTLE),CASA DE TURIN,CAPTURA ILEGAL,METODO DE PESCA,ATENDIDO,PARGO
676,2015,23150085,2015-04-08,QUINTANA ROO,SOLIDARIDAD,PUERTO AVENTURAS,MARINA PUERTO AVENTURAS,CAPTURA ILEGAL,EMBARCACION MENOR,ATENDIDO,CARACOL
677,2015,23150086,2015-04-13,QUINTANA ROO,OTHON P. BLANCO,NOH-BEC,LAGUNA NOH BEC,CAPTURA ILEGAL,ARTE DE PESCA,ATENDIDO,
678,2015,2150087,2015-04-13,BAJA CALIFORNIA,ENSENADA,LA SALINA,PUERTO SALINA,CAPTURA ILEGAL,EMBARCACION MENOR,ATENDIDO,
679,2015,3150088,2015-04-14,BAJA CALIFORNIA SUR,COMONDU,PUERTO SAN CARLOS,BAHIA ALMEJAS,CAPTURA ILEGAL,EMBARCACION MENOR,ATENDIDO,CAMARON
680,2015,4150089,2015-04-14,CAMPECHE,CALKINI,ISLA ARENA,ISLA ARENA,CAPTURA ILEGAL,EMBARCACION MENOR,ATENDIDO,PEPINO DE MA
681,2015,3150090,2015-04-15,BAJA CALIFORNIA SUR,MULEGE,GUERRERO NEGRO,ESTERO SAN JOSE,CAPTURA ILEGAL,EMBARCACION MENOR,ATENDIDO,OTRAS
682,2015,2150091,2015-04-16,BAJA CALIFORNIA,ENSENADA,SANTO DOMINGO,ESTERO SAN JOSE,CAPTURA ILEGAL,EMBARCACION MENOR,ATENDIDO,OTRAS
683,2015,20150092,2015-04-16,OAXACA,VILLA DE TUTUTEPEC DE MELCHOR OCAMPO,EL ZAPOTALITO,EL ZAPOTALITO,CAPTURA ILEGAL,EMBARCACION MENOR,ATENDIDO,CAMARON
684,2015,3150093,2015-04-16,BAJA CALIFORNIA SUR,COMONDU,PUERTO SAN CARLOS,ISLA DE PATOS,CAPTURA ILEGAL,EMBARCACION MENOR,ATENDIDO,JAIBA
685,2015,15150094,2015-04-20,MEXICO,VALLE DE BRAVO,LA LAGUNA,MATAMOROS TAMAULIPAS,CAPTURA ILEGAL,EMBARCACION MENOR,SIN ATENDER,CAMARON
686,2015,14150095,2015-04-21,JALISCO,TAPALPA,LA PRESA DEL NOGAL,CABAÑAS EL REMANSO,CAPTURA ILEGAL,METODO DE PESCA,ATENDIDO,LOBINA
687,2015,20150096,2015-04-22,OAXACA,SAN PEDRO POCHUTLA,PUERTO ANGEL,"ZALCHI, BAHIA LA TIJERA, ESTACAHUITE",CAPTURA ILEGAL,EMBARCACION MENOR,ATENDIDO,LANGOSTA
688,2015,2150097,2015-04-22,BAJA CALIFORNIA,ENSENADA,ENSENADA,PUERTECITOS BC,CAPTURA ILEGAL,EMBARCACION MENOR,ATENDIDO,ALMEJA
689,2015,3150098,2015-04-27,BAJA CALIFORNIA SUR,COMONDU,PUERTO ADOLFO LOPEZ MATEOS,Q,COMERCIALIZACION ILEGAL,EMBARCACION MAYOR,ATENDIDO,ALGAS
690,2015,3150099,2015-04-27,BAJA CALIFORNIA SUR,COMONDU,PUERTO ADOLFO LOPEZ MATEOS,Q,COMERCIALIZACION ILEGAL,EMBARCACION MAYOR,ATENDIDO,ALGAS
691,2015,3150100,2015-04-27,BAJA CALIFORNIA SUR,COMONDU,PUERTO ADOLFO LOPEZ MATEOS,Q,COMERCIALIZACION ILEGAL,EMBARCACION MAYOR,ATENDIDO,ALGAS
692,2015,14150101,2015-04-28,JALISCO,AMECA,AMECA,PRESA TEXCALAME,CAPTURA ILEGAL,OTROS,ATENDIDO,OTRAS
693,2015,14150102,2015-04-29,JALISCO,CIHUATLAN,EL REBALSE,EL TAJO,CAPTURA ILEGAL,EMBARCACION MENOR,ATENDIDO,ROBALO
694,2015,26150103,2015-04-30,SONORA,EMPALME,EMPALME,BELLA VISTA,CAPTURA ILEGAL,METODO DE PESCA,SIN ATENDER,CAMARON
695,2015,2150104,2015-05-04,BAJA CALIFORNIA,ENSENADA,EJIDO ERENDIRA,EJIDO ERENDIRA,CAPTURA ILEGAL,OTROS,ATENDIDO,OTRAS
696,2015,25150105,2015-05-05,SINALOA,ESCUINAPA,ESCUINAPA DE HIDALGO,AGUA VERDE ROSARIO,OTROS,EMBARCACION MENOR,ATENDIDO,JAIBA
697,2015,23150106,2015-05-07,QUINTANA ROO,BENITO JUAREZ,CANCUN,LA PUNTA DE POCTAPOCK,CAPTURA ILEGAL,EMBARCACION MENOR,ATENDIDO,ROBALO
698,2015,23150107,2015-05-07,QUINTANA ROO,BENITO JUAREZ,CANCUN,ESTERO POKTA POK AL FINAL DE AVENIDA.,CAPTURA ILEGAL,EMBARCACION MENOR,ATENDIDO,ROBALO
699,2015,14150108,2015-05-07,JALISCO,OCOTLAN,OCOTLAN,EL FARO DE OCOTLAN,CAPTURA ILEGAL,ARTE DE PESCA,ATENDIDO,OTRAS
700,2015,14150109,2015-05-11,JALISCO,TAPALPA,LA PRESA DEL NOGAL,CABAÑAS EL REMANSO,CAPTURA ILEGAL,METODO DE PESCA,ATENDIDO,LOBINA
701,2015,3150110,2015-05-11,BAJA CALIFORNIA SUR,COMONDU,PUERTO SAN CARLOS,BAHIA MAGDALENA,OTROS,EMBARCACION MENOR,ATENDIDO,ALMEJA
702,2015,25150111,2015-05-12,SINALOA,ANGOSTURA,SANTA MARIA,BAHIA SANTA MARIA-LA REFORMA,CAPTURA ILEGAL,EMBARCACION MENOR,ATENDIDO,CAMARON
703,2015,14150112,2015-05-13,JALISCO,VALLE DE GUADALUPE,VALLE DE GUADALUPE,"MERCADO DEL MAR ""PESCADERIA SAN CARLOS""",COMERCIALIZACION ILEGAL,OTROS,ATENDIDO,OTRAS
704,2015,3150113,2015-05-15,BAJA CALIFORNIA SUR,COMONDU,LAS BARRANCAS,EL CHICHARRON,CAPTURA ILEGAL,METODO DE PESCA,ATENDIDO,OTRAS
705,2015,3150114,2015-05-17,BAJA CALIFORNIA SUR,COMONDU,PUERTO ALCATRAZ,LOMITA AMARILLA Y PUERTO CHALE,CAPTURA ILEGAL,EMBARCACION MENOR,ATENDIDO,TIBURON
706,2015,26150115,2015-05-17,SONORA,GUAYMAS,HEROICA GUAYMAS,TODO SONORA,OTROS,OTROS,SIN ATENDER,DORADO
707,2015,18150116,2015-05-17,NAYARIT,LA YESCA,LA YESCA,PRESA LA YESCA,CAPTURA ILEGAL,ARTE DE PESCA,SIN ATENDER,MOJARRA
708,2015,2150117,2015-05-18,BAJA CALIFORNIA,ENSENADA,CALAMAJUE,SAN LUIS GONZAGA,CAPTURA ILEGAL,EMBARCACION MENOR,SIN ATENDER,SIERRA
709,2015,14150118,2015-05-19,JALISCO,PUERTO VALLARTA,PUERTO VALLARTA,ZONA DE PESCA DEL OCEANO PACIFICO.,OTROS,EMBARCACION MENOR,ATENDIDO,PULPO
710,2015,14150119,2015-05-19,JALISCO,TOMATLAN,PRESA CAJON DE PEÑA (LA PRESA),LA COOPERATIVA,CAPTURA ILEGAL,EMBARCACION MENOR,ATENDIDO,LOBINA
711,2015,2150120,2015-05-19,BAJA CALIFORNIA,PLAYAS DE ROSARITO,PRIMO TAPIA,ROSARITO,CAPTURA ILEGAL,EMBARCACION MENOR,ATENDIDO,ALMEJA
712,2015,14150121,2015-05-20,JALISCO,TEOCUITATLAN DE CORONA,SANTA ROSA,PRESA DE SANTA ROSA,CAPTURA ILEGAL,OTROS,ATENDIDO,OTRAS
713,2015,14150122,2015-05-22,JALISCO,SAN MARTIN HIDALGO,SAN MARTIN HIDALGO,PRESAS OJO DE AGUA Y RUIZ CORTINEZ,CAPTURA ILEGAL,EMBARCACION MENOR,ATENDIDO,OTRAS
714,2015,14150123,2015-05-22,JALISCO,AMECA,EL TEXCALAME,PRESA PUERTA DEL HUAMUCHIL,CAPTURA ILEGAL,OTROS,ATENDIDO,OTRAS
715,2015,25150124,2015-05-22,SINALOA,MAZATLAN,LOS COPALES,EL DIAGONAL,OTROS,OTROS,ATENDIDO,OTRAS
716,2015,2150125,2015-05-22,BAJA CALIFORNIA,ENSENADA,ENSENADA,EJIDO CORONEL CORONEL,OTROS,VEHICULO,ATENDIDO,OTRAS
717,2015,2150126,2015-05-22,BAJA CALIFORNIA,,,SAN FELIPE,CAPTURA ILEGAL,EMBARCACION MENOR,ATENDIDO,ALMEJA
718,2015,14150127,2015-05-25,JALISCO,ZAPOPAN,ZAPOPAN,MERCADO DEL MAR,COMERCIALIZACION ILEGAL,OTROS,ATENDIDO,TIBURON
719,2015,23150128,2015-05-25,QUINTANA ROO,TULUM,AKUMAL SUR,AKUMAL SUR,CAPTURA ILEGAL,OTROS,ATENDIDO,LANGOSTA
720,2015,2150129,2015-05-26,BAJA CALIFORNIA,ENSENADA,EL TOMATAL,CAMPOS EL TOMATAL Y PLAYA ESMERALDA,CAPTURA ILEGAL,EMBARCACION MENOR,ATENDIDO,ALMEJA
721,2015,4150130,2015-05-27,CAMPECHE,CHAMPOTON,VILLA MADERO,VILLAMADERO,CAPTURA ILEGAL,VEHICULO,ATENDIDO,PEPINO DE MA
722,2015,26150131,2015-05-30,SONORA,PUERTO PEÑASCO,PUERTO PEÑASCO,EL DESEMBOQUE,CAPTURA ILEGAL,EMBARCACION MENOR,SIN ATENDER,CAMARON
723,2015,3150132,2015-05-31,BAJA CALIFORNIA SUR,COMONDU,PUERTO SAN CARLOS,BAHIA ALMEJAS,CAPTURA ILEGAL,EMBARCACION MENOR,ATENDIDO,CAMARON
724,2015,23150133,2015-06-01,QUINTANA ROO,TULUM,AKUMAL SUR,CASA,CAPTURA ILEGAL,METODO DE PESCA,ATENDIDO,LANGOSTA
725,2015,2150134,2015-06-01,BAJA CALIFORNIA,ENSENADA,BAHIA DE LOS ANGELES,ENFRENTE DEL MUSEO DE BLA,CAPTURA ILEGAL,VEHICULO,ATENDIDO,FAUNA
726,2015,14150135,2015-06-01,JALISCO,,,MERCADO DEL MAR,COMERCIALIZACION ILEGAL,OTROS,ATENDIDO,CAZON
727,2015,14150136,2015-06-05,JALISCO,TEPATITLAN DE MORELOS,TEPATITLAN DE MORELOS,PRESA EL JIHUITE,CAPTURA ILEGAL,ARTE DE PESCA,ATENDIDO,OTRAS
728,2015,3150137,2015-06-05,BAJA CALIFORNIA SUR,COMONDU,PUERTO SAN CARLOS,BAHIA MAGDALENA,CAPTURA ILEGAL,EMBARCACION MAYOR,ATENDIDO,SARDINA
729,2015,2150138,2015-06-08,BAJA CALIFORNIA,PLAYAS DE ROSARITO,POPOTLA,PUERTO POPOTLA,CAPTURA ILEGAL,EMBARCACION MENOR,ATENDIDO,ERIZO
730,2015,14150139,2015-06-10,JALISCO,AMECA,EL TEXCALAME,PRESA TEXCALAME,CAPTURA ILEGAL,ARTE DE PESCA,ATENDIDO,OTRAS
731,2015,31150140,2015-06-10,YUCATAN,CELESTUN,CELESTUN,PUERTO DE ABRIGO POR CALLE 4.,CAPTURA ILEGAL,METODO DE PESCA,ATENDIDO,PULPO
732,2015,11150141,2015-06-12,GUANAJUATO,TARANDACUAO,SAN JOSE DE PORTO (SAN JOSE DE HIDALGO),"DENTRO DE LA PRESA SOLIS, FRENTE A LA COMUNIDAD",CAPTURA ILEGAL,EMBARCACION MENOR,ATENDIDO,MOJARRA
733,2015,11150142,2015-06-12,GUANAJUATO,YURIRIA,LA ANGOSTURA,LAGUNA DE YURIRIA,CAPTURA ILEGAL,METODO DE PESCA,ATENDIDO,MOJARRA
734,2015,3150143,2015-06-13,BAJA CALIFORNIA SUR,COMONDU,PUERTO SAN CARLOS,PUERTO CHALE,POSESION ILEGAL,EMBARCACION MENOR,ATENDIDO,CAMARON
735,2015,25150144,2015-06-16,SINALOA,ROSARIO,EL ROSARIO,CHAMETLA,OTROS,EMBARCACION MENOR,ATENDIDO,OTRAS
736,2015,14150145,2015-06-17,JALISCO,VALLE DE GUADALUPE,VALLE DE GUADALUPE,PRESA EL SALTO,CAPTURA ILEGAL,OTROS,ATENDIDO,OTRAS
737,2015,14150146,2015-06-18,JALISCO,PUERTO VALLARTA,PUERTO VALLARTA,BOCA DE TOMATES RIO AMECA,CAPTURA ILEGAL,EMBARCACION MENOR,ATENDIDO,ROBALO
738,2015,14150147,2015-06-19,JALISCO,CASIMIRO CASTILLO,LO ARADO,RIO PURIFICACION,OTROS,VEHICULO,ATENDIDO,LANGOSTINO
739,2015,3150148,2015-06-19,BAJA CALIFORNIA SUR,COMONDU,PUERTO SAN CARLOS,BAHIA ALMEJAS,CAPTURA ILEGAL,EMBARCACION MENOR,ATENDIDO,CAMARON
740,2015,23150149,2015-06-22,QUINTANA ROO,ISLA MUJERES,ISLA MUJERES,PATRIA YPROGRESO,COMERCIALIZACION ILEGAL,EMBARCACION MENOR,ATENDIDO,LANGOSTA
741,2015,23150150,2015-06-22,QUINTANA ROO,ISLA MUJERES,ISLA MUJERES,PATRIA YPROGRESO,COMERCIALIZACION ILEGAL,EMBARCACION MENOR,ATENDIDO,LANGOSTA
742,2015,18150151,2015-06-22,NAYARIT,SANTIAGO IXCUINTLA,MEXCALTITAN DE URIBE,MEXCALTITAN DE URIBE,CAPTURA ILEGAL,EMBARCACION MENOR,SIN ATENDER,CAMARON
743,2015,11150152,2015-06-23,GUANAJUATO,ACAMBARO,LA ORTIGA,LA ORTIGA,CAPTURA ILEGAL,EMBARCACION MENOR,SIN ATENDER,MOJARRA
744,2015,14150153,2015-06-23,JALISCO,PUERTO VALLARTA,BOCA DE TOMATES,800 METROS RIO ARRIBA DE LA DESEMBOCADURA,CAPTURA ILEGAL,METODO DE PESCA,ATENDIDO,ROBALO
745,2015,4150154,2015-06-24,CAMPECHE,CARMEN,CIUDAD DEL CARMEN,COLONIA EL LIMONAR EN CD. DEL CARMEN,CAPTURA ILEGAL,EMBARCACION MENOR,ATENDIDO,CAMARON
746,2015,4150155,2015-06-24,CAMPECHE,CARMEN,CIUDAD DEL CARMEN,COLONIA EL LIMONAR EN CD. DEL CARMEN,CAPTURA ILEGAL,EMBARCACION MENOR,ATENDIDO,CAMARON
747,2015,14150156,2015-06-25,JALISCO,TOMATLAN,LA CRUZ DE LORETO,ESTERO AGUA DULCE,CAPTURA ILEGAL,ARTE DE PESCA,ATENDIDO,CAMARON
748,2015,14150157,2015-06-26,JALISCO,TEUCHITLAN,PRESA LA VEGA,ORILLA PRESA DE LA PRESA DE LA VEGA,CAPTURA ILEGAL,OTROS,ATENDIDO,OTRAS
749,2015,14150158,2015-06-29,JALISCO,AMECA,AMECA,PRESA TEXCALAME,POSESION ILEGAL,ARTE DE PESCA,ATENDIDO,OTRAS
750,2015,14150159,2015-06-29,JALISCO,AMECA,AMECA,PRESA TEXCALAME,POSESION ILEGAL,ARTE DE PESCA,ATENDIDO,OTRAS
751,2015,14150160,2015-06-29,JALISCO,CABO CORRIENTES,LAS ANIMAS DE QUIMIXTO,LAS ANIMAS,CAPTURA ILEGAL,ARTE DE PESCA,ATENDIDO,OSTION
752,2015,3150161,2015-06-29,BAJA CALIFORNIA SUR,COMONDU,PUERTO SAN CARLOS,BAHIA ALMEJAS,CAPTURA ILEGAL,EMBARCACION MENOR,ATENDIDO,CAMARON
753,2015,14150162,2015-06-30,JALISCO,CABO CORRIENTES,TEHUAMIXTLE (TEHUALMIXTLE),LA GALLETA,CAPTURA ILEGAL,EMBARCACION MENOR,ATENDIDO,RAYA Y SIMIL
754,2015,14150163,2015-06-30,JALISCO,TUXCUECA,SAN LUIS SOYATLAN,AL ORIENTE DE SAN NICOLAS DE ACUÑA,CAPTURA ILEGAL,OTROS,ATENDIDO,OTRAS
755,2015,14150164,2015-07-01,JALISCO,LAGOS DE MORENO,LA SAUCEDA (PEDRO MORENO),LA SAUCEDA,CAPTURA ILEGAL,ARTE DE PESCA,ATENDIDO,MOJARRA
756,2015,14150165,2015-07-02,JALISCO,PUERTO VALLARTA,PUERTO VALLARTA,COSTA DE VALLARTA,OTROS,OTROS,ATENDIDO,OSTION
757,2015,14150166,2015-07-03,JALISCO,PUERTO VALLARTA,PUERTO VALLARTA,HOTEL VELAS Y MARRIOT,CAPTURA ILEGAL,ARTE DE PESCA,ATENDIDO,OSTION
758,2015,11150167,2015-07-03,GUANAJUATO,JERECUARO,ZATEMAYE,RIVERA DE LA PRESA SOLIS,OTROS,METODO DE PESCA,ATENDIDO,MOJARRA
759,2015,11150168,2015-07-03,GUANAJUATO,TARANDACUAO,SAN JOSE DE PORTO (SAN JOSE DE HIDALGO),RIBERA DE LA PRESA SOLIS,CAPTURA ILEGAL,ARTE DE PESCA,SIN ATENDER,CARPA
760,2015,18150169,2015-07-03,NAYARIT,COMPOSTELA,LA PEÑITA DE JALTEMBA,PLAYAS DE LA PEÑITA DE JALTEMBA,CAPTURA ILEGAL,ARTE DE PESCA,ATENDIDO,GUACHINANGO
761,2015,11150170,2015-07-03,GUANAJUATO,TARANDACUAO,LA MORA,"PRESA SOLIS, FRENTE A COMUNIDAD SAN JOSE DE HGO",CAPTURA ILEGAL,ARTE DE PESCA,ATENDIDO,MOJARRA
762,2015,25150171,2015-07-05,SINALOA,MAZATLAN,MARMOL DE SALCIDO (MARMOL),ESTERO EL TASAJAL,CAPTURA ILEGAL,METODO DE PESCA,ATENDIDO,OSTION
763,2015,3150172,2015-07-06,BAJA CALIFORNIA SUR,LA PAZ,LA PAZ,LA PAZ,COMERCIALIZACION ILEGAL,VEHICULO,ATENDIDO,TIBURON
764,2015,14150173,2015-07-06,JALISCO,TEUCHITLAN,PRESA LA VEGA,POR EL LADO DEL TAJO Y ALREDEDOR D PRESA,CAPTURA ILEGAL,OTROS,ATENDIDO,OTRAS
765,2015,14150174,2015-07-06,JALISCO,CHAPALA,EL BAJIO,LA CANACINTA,CAPTURA ILEGAL,EMBARCACION MENOR,ATENDIDO,MOJARRA
766,2015,12150175,2015-07-07,GUERRERO,ZIHUATANEJO DE AZUETA,ZIHUATANEJO,PLAYA LAS GATAS Y PLAYA LA ROPA,OTROS,VEHICULO,ATENDIDO,OSTION
767,2015,6150176,2015-07-07,COLIMA,ARMERIA,EL PARAISO (BALNEARIO),EL PARAISO,CAPTURA ILEGAL,ARTE DE PESCA,ATENDIDO,ROBALO
768,2015,11150177,2015-07-08,GUANAJUATO,SAN LUIS DE LA PAZ,EL REALITO (MINERAL EL REALITO),PRESA EL REALITO,CAPTURA ILEGAL,EMBARCACION MENOR,SIN ATENDER,MOJARRA
769,2015,26150178,2015-07-08,SONORA,HERMOSILLO,TASTIOTA,TASTIOTA MUNICIPIO DE HERMOSILLO,CAPTURA ILEGAL,ARTE DE PESCA,ATENDIDO,CAMARON
770,2015,26150179,2015-07-11,SONORA,SAN IGNACIO RIO MUERTO,SAN IGNACIO RIO MUERTO,BAHIA DE LOBOS,COMERCIALIZACION ILEGAL,VEHICULO,ATENDIDO,OTRAS
771,2015,14150180,2015-07-14,JALISCO,TEPATITLAN DE MORELOS,TEPATITLAN DE MORELOS,PRESA LA RED,OTROS,METODO DE PESCA,ATENDIDO,OTRAS
772,2015,2150181,2015-07-16,BAJA CALIFORNIA,ENSENADA,EJIDO VILLA JESUS MARIA,LAGUNA MANUELA,CAPTURA ILEGAL,OTROS,ATENDIDO,LANGOSTA
773,2015,14150182,2015-07-21,JALISCO,ZAPOTLAN DEL REY,ZAPOTLAN DEL REY,EJIDO ZAPOTLAN,COMERCIALIZACION ILEGAL,OTROS,SIN ATENDER,MOJARRA
774,2015,6150183,2015-07-22,COLIMA,TECOMAN,TECOMAN,PLAYA LA BOCA DE PASCUALES,CAPTURA ILEGAL,EMBARCACION MENOR,ATENDIDO,ROBALO
775,2015,25150184,2015-07-23,SINALOA,ESCUINAPA,TEACAPAN,LAS CABRAS Y TANBORA,CAPTURA ILEGAL,EMBARCACION MENOR,ATENDIDO,CAMARON
776,2015,3150185,2015-07-24,BAJA CALIFORNIA SUR,COMONDU,PUERTO SAN CARLOS,BAHIA ALMEJAS,CAPTURA ILEGAL,EMBARCACION MENOR,ATENDIDO,CAMARON
777,2015,30150186,2015-07-24,VERACRUZ,TUXPAN,TUXPAM DE RODRIGUEZ CANO,TUXPAM.VERACRUZ,CAPTURA ILEGAL,EMBARCACION MENOR,SIN ATENDER,CAMARON
778,2015,30150187,2015-07-26,VERACRUZ,TAMIAHUA,LA REFORMA,LA REFORMA,CAPTURA ILEGAL,EMBARCACION MENOR,SIN ATENDER,LEBRANCHA
779,2015,14150188,2015-07-27,JALISCO,AMECA,AMECA,PRESA DE TEXCALAME,CAPTURA ILEGAL,OTROS,ATENDIDO,OTRAS
780,2015,13150189,2015-07-27,HIDALGO,TEPEJI DEL RIO DE OCAMPO,TEPEJI DE OCAMPO,PRESA REQUENA,CAPTURA ILEGAL,METODO DE PESCA,SIN ATENDER,MOJARRA
781,2015,14150190,2015-07-28,JALISCO,PUERTO VALLARTA,PUERTO VALLARTA,BOCA DEL RIO CUALE A LOS MUERTOS,CAPTURA ILEGAL,ARTE DE PESCA,ATENDIDO,SARDINA
782,2015,3150191,2015-07-28,BAJA CALIFORNIA SUR,COMONDU,PUERTO SAN CARLOS,BAJO DE CALIFORNIA,CAPTURA ILEGAL,EMBARCACION MENOR,ATENDIDO,CAMARON
783,2015,21150192,2015-07-29,PUEBLA,XICOTEPEC,EL TEPETATE,XICOTEPEC DE JUAREZ,CAPTURA ILEGAL,METODO DE PESCA,SIN ATENDER,TRUCHA
784,2015,14150193,2015-07-29,JALISCO,TEPATITLAN DE MORELOS,TEPATITLAN DE MORELOS,CENTRO,OTROS,ARTE DE PESCA,SIN ATENDER,
785,2015,30150194,2015-07-29,VERACRUZ,VERACRUZ,VERACRUZ,PARQUE ARRECIFAL,OTROS,ARTE DE PESCA,SIN ATENDER,
786,2015,14150195,2015-07-31,JALISCO,CHAPALA,CHAPALA,SAN JUAN COSALA,POSESION ILEGAL,OTROS,ATENDIDO,OTRAS
787,2015,14150196,2015-08-04,JALISCO,TEPATITLAN DE MORELOS,TEPATITLAN DE MORELOS,CENTRO,OTROS,OTROS,ATENDIDO,
788,2015,14150197,2015-08-04,JALISCO,TEPATITLAN DE MORELOS,BUENAVISTA,BURENAVISTA,OTROS,EMBARCACION MENOR,ATENDIDO,
789,2015,14150198,2015-08-04,JALISCO,TEPATITLAN DE MORELOS,EL BAJIO DE PLASCENCIA,BAJIO,OTROS,ARTE DE PESCA,ATENDIDO,
790,2015,14150199,2015-08-04,JALISCO,TEPATITLAN DE MORELOS,TEPATITLAN DE MORELOS,PRESA EL JEHUITE,CAPTURA ILEGAL,OTROS,ATENDIDO,MOJARRA
791,2015,14150200,2015-08-05,JALISCO,CHAPALA,CHAPALA,EL ACUEDUCTO,CAPTURA ILEGAL,ARTE DE PESCA,ATENDIDO,MOJARRA
792,2015,14150201,2015-08-05,JALISCO,OCOTLAN,OCOTLAN,FILETEADORA DEL NEGRO,COMERCIALIZACION ILEGAL,OTROS,ATENDIDO,MOJARRA
793,2015,12150202,2015-08-07,GUERRERO,ACAPULCO DE JUAREZ,ACAPULCO DE JUAREZ,ACAPULCO DE JUAREZ,OTROS,OTROS,ATENDIDO,
794,2015,12150203,2015-08-07,GUERRERO,ACAPULCO DE JUAREZ,ACAPULCO DE JUAREZ,ACAPULCO DE JUAREZ,OTROS,OTROS,ATENDIDO,
795,2015,30150204,2015-08-07,VERACRUZ,VERACRUZ,VERACRUZ,PARQUE ARRECIFAL,CAPTURA ILEGAL,OTROS,SIN ATENDER,
796,2015,30150205,2015-08-07,VERACRUZ,VERACRUZ,VERACRUZ,PARQUE ARRECIFAL,CAPTURA ILEGAL,ARTE DE PESCA,SIN ATENDER,FAUNA
797,2015,14150206,2015-08-11,JALISCO,DEGOLLADO,LOS ARRAYANES,PRESA EL MARIJO,CAPTURA ILEGAL,METODO DE PESCA,SIN ATENDER,OTRAS
798,2015,14150207,2015-08-11,JALISCO,VILLA HIDALGO,VILLA HIDALGO,PRESA JUIQUINAQUE,CAPTURA ILEGAL,ARTE DE PESCA,ATENDIDO,OTRAS
799,2015,3150208,2015-08-14,BAJA CALIFORNIA SUR,COMONDU,PUERTO SAN CARLOS,POLIGONO 1,CAPTURA ILEGAL,EMBARCACION MENOR,ATENDIDO,ALMEJA
800,2015,31150209,2015-08-14,YUCATAN,CONKAL,CONKAL,CALLE 22 NUMERO 69 ENTRE 11 Y 13,CAPTURA ILEGAL,OTROS,ATENDIDO,OTRAS
801,2015,3150210,2015-08-16,BAJA CALIFORNIA SUR,COMONDU,PUERTO SAN CARLOS,POLIGONO 1,CAPTURA ILEGAL,EMBARCACION MENOR,ATENDIDO,ALMEJA
802,2015,25150211,2015-08-17,SINALOA,MAZATLAN,MARMOL DE SALCIDO (MARMOL),ESTERO DEL TAZAJAL,CAPTURA ILEGAL,ARTE DE PESCA,ATENDIDO,OSTION
803,2015,12150212,2015-08-17,GUERRERO,ACAPULCO DE JUAREZ,ACAPULCO DE JUAREZ,BAHIA DE SANTA LUCIA,CAPTURA ILEGAL,EMBARCACION MENOR,ATENDIDO,TIBURON
804,2015,12150213,2015-08-17,GUERRERO,ACAPULCO DE JUAREZ,ACAPULCO DE JUAREZ,BAHIA DE ACAPULCO,CAPTURA ILEGAL,OTROS,ATENDIDO,TIBURON
805,2015,12150214,2015-08-18,GUERRERO,ACAPULCO DE JUAREZ,ACAPULCO DE JUAREZ,BAHIA DE ACAPULCO,CAPTURA ILEGAL,EMBARCACION MENOR,ATENDIDO,CAZON
806,2015,14150215,2015-08-20,JALISCO,PUERTO VALLARTA,PUERTO VALLARTA,ZONA COSTERA PUERTO VALLARTA A PUNTA NEGRA,CAPTURA ILEGAL,ARTE DE PESCA,ATENDIDO,OTRAS
807,2015,14150216,2015-08-21,JALISCO,JILOTLAN DE LOS DOLORES,PRESA CONSTITUCION DE APATZINGAN (LA PRESA),LA PRESA,COMERCIALIZACION ILEGAL,VEHICULO,ATENDIDO,MOJARRA
808,2015,25150217,2015-08-21,SINALOA,GUASAVE,LA BRECHA,ESTERO EL MANGLITO,CAPTURA ILEGAL,EMBARCACION MENOR,ATENDIDO,ALMEJA
809,2015,25150218,2015-08-21,SINALOA,GUASAVE,SACRIFICIO,EL TORTUGO,CAPTURA ILEGAL,EMBARCACION MENOR,ATENDIDO,ALMEJA
810,2015,12150219,2015-08-22,GUERRERO,ACAPULCO DE JUAREZ,ACAPULCO DE JUAREZ,ACAPULCO,CAPTURA ILEGAL,OTROS,ATENDIDO,TIBURON
811,2015,12150220,2015-08-22,GUERRERO,ACAPULCO DE JUAREZ,ACAPULCO DE JUAREZ,ACAPULCO,CAPTURA ILEGAL,OTROS,ATENDIDO,TIBURON
812,2015,25150221,2015-08-27,SINALOA,MAZATLAN,MARMOL DE SALCIDO (MARMOL),COMO EL TAZAJAL O LOMAS DEL MAR DE PIAXTLA,CAPTURA ILEGAL,ARTE DE PESCA,ATENDIDO,OSTION
813,2015,26150222,2015-08-28,SONORA,HERMOSILLO,BAHIA DE KINO,BAHIA DE KINO A PUNTA BAJA.,CAPTURA ILEGAL,EMBARCACION MENOR,ATENDIDO,CAMARON
814,2015,25150223,2015-08-31,SINALOA,MAZATLAN,MARMOL DE SALCIDO (MARMOL),ESTERO EL TAZAJAL Y PAREDONES ROJOS EN LAS SALINAS,CAPTURA ILEGAL,ARTE DE PESCA,ATENDIDO,OSTION
815,2015,26150224,2015-08-31,SONORA,HUATABAMPO,MORONCARIT,MORONCARIT,POSESION ILEGAL,VEHICULO,ATENDIDO,
816,2015,3150225,2015-09-01,BAJA CALIFORNIA SUR,COMONDU,PUERTO SAN CARLOS,POLIGONO 1,CAPTURA ILEGAL,EMBARCACION MENOR,ATENDIDO,ALMEJA
817,2015,14150226,2015-09-03,JALISCO,TEPATITLAN DE MORELOS,TEPATITLAN DE MORELOS,PRESA LA RED,POSESION ILEGAL,ARTE DE PESCA,SIN ATENDER,OTRAS
818,2015,16150227,2015-09-03,MICHOACAN,LAZARO CARDENAS,CIUDAD LAZARO CARDENAS,DESEMBOCADURA DEL RIO BALSAS,CAPTURA ILEGAL,EMBARCACION MENOR,ATENDIDO,LANGOSTA
819,2015,14150228,2015-09-04,JALISCO,PONCITLAN,EL ZAPOTE (UVALANO),EL ZAPOTE,CAPTURA ILEGAL,ARTE DE PESCA,ATENDIDO,MOJARRA
820,2015,14150229,2015-09-04,JALISCO,OCOTLAN,LA VASTAGUERA,LAS BOMBAS DEL FUERTE,CAPTURA ILEGAL,ARTE DE PESCA,ATENDIDO,MOJARRA
821,2015,3150230,2015-09-06,BAJA CALIFORNIA SUR,COMONDU,PUERTO SAN CARLOS,EL MOCHOMO,CAPTURA ILEGAL,ARTE DE PESCA,SIN ATENDER,CAMARON
822,2015,14150231,2015-09-08,JALISCO,AMECA,AMECA,PRESA DE TEXCALAME,CAPTURA ILEGAL,ARTE DE PESCA,SIN ATENDER,OTRAS
823,2015,14150232,2015-09-08,JALISCO,AMECA,AMECA,PRESA DE TEXCALAME,CAPTURA ILEGAL,ARTE DE PESCA,SIN ATENDER,OTRAS
824,2015,4150233,2015-09-08,CAMPECHE,CALAKMUL,BEL-HA,BEL-HA,TRANSPORTACION ILEGAL,VEHICULO,ATENDIDO,PULPO
825,2015,3150234,2015-09-09,BAJA CALIFORNIA SUR,LOS CABOS,SAN JOSE DEL CABO,CARRETERA FONATUR,COMERCIALIZACION ILEGAL,OTROS,ATENDIDO,
826,2015,26150235,2015-09-13,SONORA,GUAYMAS,HEROICA GUAYMAS,GUAYMAS,OTROS,EMBARCACION MENOR,ATENDIDO,CAMARON
827,2015,26150236,2015-09-14,SONORA,HUATABAMPO,HUATABAMPO,BOCA DEL RIO SIARIS,CAPTURA ILEGAL,EMBARCACION MENOR,ATENDIDO,CAMARON
828,2015,2150237,2015-09-15,BAJA CALIFORNIA,ENSENADA,EL AJUSCO,PUERTO DE SANTO TOMAS,OTROS,EMBARCACION MENOR,ATENDIDO,ERIZO
829,2015,11150238,2015-09-17,GUANAJUATO,TARIMORO,TARIMORO,ZONA CENTRO,CAPTURA ILEGAL,ARTE DE PESCA,ATENDIDO,MOJARRA
830,2015,12150239,2015-09-20,GUERRERO,ACAPULCO DE JUAREZ,ACAPULCO DE JUAREZ,POTRERILLO,CAPTURA ILEGAL,METODO DE PESCA,ATENDIDO,TIBURON
831,2015,11150240,2015-09-21,GUANAJUATO,TARIMORO,TARIMORO,PRESA EL CUBO,OTROS,ARTE DE PESCA,ATENDIDO,MOJARRA
832,2015,11150241,2015-09-22,GUANAJUATO,YURIRIA,LA ANGOSTURA,CALLE GOMEZ FARIAS,CAPTURA ILEGAL,EMBARCACION MENOR,ATENDIDO,MOJARRA
833,2015,14150242,2015-09-23,JALISCO,VILLA HIDALGO,VILLA HIDALGO,PRESA JUISPINAQUE,POSESION ILEGAL,ARTE DE PESCA,ATENDIDO,OTRAS
834,2015,15150243,2015-09-25,MEXICO,ALMOLOYA DE JUAREZ,BENITO JUAREZ,CONOCIDO,CAPTURA ILEGAL,ARTE DE PESCA,ATENDIDO,BAGRE
835,2015,3150244,2015-09-29,BAJA CALIFORNIA SUR,LOS CABOS,CABO SAN LUCAS,LA MARINA,CAPTURA ILEGAL,ARTE DE PESCA,ATENDIDO,SARDINA
836,2015,3150245,2015-09-29,BAJA CALIFORNIA SUR,LOS CABOS,CABO SAN LUCAS,LA MARINA,CAPTURA ILEGAL,ARTE DE PESCA,ATENDIDO,SARDINA
837,2015,2150246,2015-09-30,BAJA CALIFORNIA,ENSENADA,,GONZAGA BAY,COMERCIALIZACION ILEGAL,METODO DE PESCA,SIN ATENDER,CINTILLA
838,2015,2150247,2015-09-30,BAJA CALIFORNIA,ENSENADA,,GONZAGA BAY,COMERCIALIZACION ILEGAL,METODO DE PESCA,SIN ATENDER,CINTILLA
839,2015,2150248,2015-09-30,BAJA CALIFORNIA,ENSENADA,,GONZAGA BAY,COMERCIALIZACION ILEGAL,METODO DE PESCA,SIN ATENDER,CINTILLA
840,2015,2150249,2015-09-30,BAJA CALIFORNIA,ENSENADA,,GONZAGA BAY,COMERCIALIZACION ILEGAL,METODO DE PESCA,SIN ATENDER,CINTILLA
841,2015,14150250,2015-10-06,JALISCO,UNION DE TULA,TACOTAN (LA ALPATAHUA),PRESA TACOTAN,CAPTURA ILEGAL,ARTE DE PESCA,ATENDIDO,MOJARRA
842,2015,4150251,2015-10-13,CAMPECHE,CAMPECHE,LERMA,LERMA,TRANSPORTACION ILEGAL,VEHICULO,ATENDIDO,PULPO
843,2015,2150252,2015-10-15,BAJA CALIFORNIA,TIJUANA,TIJUANA,DESCARGA DE PLANTA DE TRATAMIENTO DE AGUAS NEGRAS,CAPTURA ILEGAL,EMBARCACION MAYOR,SIN ATENDER,OTRAS
844,2015,14150253,2015-10-27,JALISCO,AMECA,AMECA,TEXCALAME,POSESION ILEGAL,OTROS,ATENDIDO,OTRAS
845,2015,3150254,2015-10-27,BAJA CALIFORNIA SUR,LA PAZ,LA PAZ,MAR DE CORTEZ,CAPTURA ILEGAL,METODO DE PESCA,ATENDIDO,OTRAS
846,2015,30150255,2015-10-29,VERACRUZ,CATEMACO,CATEMACO,EL HUERTO,CAPTURA ILEGAL,ARTE DE PESCA,SIN ATENDER,OTRAS
847,2015,14150256,2015-11-04,JALISCO,VILLA HIDALGO,VILLA HIDALGO,PRESA JUIQUINAQUE,POSESION ILEGAL,METODO DE PESCA,ATENDIDO,OTRAS
848,2015,3150257,2015-11-04,BAJA CALIFORNIA SUR,MULEGE,GUERRERO NEGRO,EL CHAPARRITO,CAPTURA ILEGAL,OTROS,ATENDIDO,OTRAS
849,2015,21150258,2015-11-05,PUEBLA,XOCHILTEPEC,XOCHILTEPEC,LAGUNA EPATLAN/XOCHILTEPEC,CAPTURA ILEGAL,ARTE DE PESCA,SIN ATENDER,OTRAS
850,2015,14150259,2015-11-11,JALISCO,VILLA CORONA,ESTIPAC,BORDO LAS TUSAS,CAPTURA ILEGAL,ARTE DE PESCA,ATENDIDO,OTRAS
851,2015,31150260,2015-11-12,YUCATAN,TIZIMIN,EL CUYO,CASA EN DOMICILIO CONOCIDO.,COMERCIALIZACION ILEGAL,OTROS,ATENDIDO,OTRAS
852,2015,14150261,2015-11-13,JALISCO,PUERTO VALLARTA,PUERTO VALLARTA,PUERTO VALLARTA,CAPTURA ILEGAL,ARTE DE PESCA,ATENDIDO,DORADO
853,2015,23150262,2015-11-18,QUINTANA ROO,BENITO JUAREZ,CANCUN,HOTEL ALL RITMO,CAPTURA ILEGAL,EMBARCACION MENOR,ATENDIDO,OTRAS
854,2015,23150263,2015-11-24,QUINTANA ROO,OTHON P. BLANCO,MAHAHUAL,LAGUNA KM 3.5 AL NORTE DE RIO INDIO,CAPTURA ILEGAL,OTROS,ATENDIDO,OTRAS
855,2015,30150264,2015-11-24,VERACRUZ,,,CASITAS,COMERCIALIZACION ILEGAL,EMBARCACION MENOR,SIN ATENDER,LISA
856,2015,14150265,2015-11-27,JALISCO,PONCITLAN,AGUA CALIENTE,RINCONADA DE OCOTLAN,CAPTURA ILEGAL,ARTE DE PESCA,ATENDIDO,OTRAS
857,2015,3150266,2015-12-01,BAJA CALIFORNIA SUR,LOS CABOS,LA RIBERA,LA RIBERA,OTROS,EMBARCACION MENOR,ATENDIDO,GUACHINANGO
858,2015,25150267,2015-12-01,SINALOA,MAZATLAN,MARMOL DE SALCIDO (MARMOL),MARMOL DE SALCIDO,CAPTURA ILEGAL,METODO DE PESCA,ATENDIDO,OSTION
859,2015,25150268,2015-12-02,SINALOA,MAZATLAN,MARMOL DE SALCIDO (MARMOL),MARMOL,CAPTURA ILEGAL,METODO DE PESCA,ATENDIDO,OSTION
860,2015,14150269,2015-12-03,JALISCO,OCOTLAN,OCOTLAN,COOPERATIVA DEL FUERTE,OTROS,OTROS,ATENDIDO,
861,2015,14150270,2015-12-03,JALISCO,OCOTLAN,OCOTLAN,EL CENTRO,POSESION ILEGAL,OTROS,ATENDIDO,CHARAL
862,2015,14150271,2015-12-03,JALISCO,JAMAY,EL ARCO,CENTRO,POSESION ILEGAL,OTROS,ATENDIDO,BAGRE
863,2015,26150272,2015-12-05,SONORA,SAN LUIS RIO COLORADO,GOLFO DE SANTA CLARA,GOLFO DE SANTA CLARA,CAPTURA ILEGAL,EMBARCACION MENOR,ATENDIDO,BONITO
864,2015,25150273,2015-12-07,SINALOA,MAZATLAN,MARMOL DE SALCIDO (MARMOL),"LOS PAREDDONES ,EL 29,MARMOL,EL TAZAJAL28",CAPTURA ILEGAL,METODO DE PESCA,SIN ATENDER,OSTION
865,2015,14150274,2015-12-09,JALISCO,AMECA,AMECA,TESCALAMAE,POSESION ILEGAL,ARTE DE PESCA,SIN ATENDER,OTRAS
866,2015,26150275,2015-12-16,SONORA,HERMOSILLO,BAHIA DE KINO,BAHIA DE KINO,CAPTURA ILEGAL,ARTE DE PESCA,SIN ATENDER,CARACOL
867,2015,14150276,2015-12-18,JALISCO,TOMATLAN,LA CRUZ DE LORETO,ESTEROS AGUA DULCE,CAPTURA ILEGAL,EMBARCACION MENOR,SIN ATENDER,MOJARRA
868,2015,5150277,2015-12-24,COAHUILA,CANDELA,LA CANDELARIA,PRUEBA,TRANSPORTACION ILEGAL,OTROS,SIN ATENDER,ANCHOVETA
869,2015,2150278,2015-12-29,BAJA CALIFORNIA,ENSENADA,JATAY,EJIDO PRIMO TAPIA,POSESION ILEGAL,VEHICULO,ATENDIDO,ABULON
